Text,Label
"আমরা সাতদিন ধরে পানিবন্দী, কেউ আমাদের খবর নিচ্ছে না। বাড়ির চারপাশে শুধু পানি আর পানি। আমাদের খাবার আর পানির সব শেষ হয়ে গেছে। ছোট বাচ্চারা খুব অসুস্থ, দয়া করে দ্রুত সাহায্য করুন। ঠিকানা: শরীয়তপুর সদর, পুরাতন হাটখোলা। ফায়ার সার্ভিস বা সেনাবাহিনী যদি দ্রুত কিছু করতে পারে, আমাদের জীবন বাঁচবে।",emergency
"চট্টগ্রামের বাকলিয়া এলাকায় আমাদের ভবনটি হঠাৎ ধসে পড়েছে। ভেতরে আমার বাবা-মা এবং আরো তিনজন আটকে আছেন। ধুলায় কিছুই দেখা যাচ্ছে না, আর ভবনের অবস্থা খুব খারাপ। আমি ফায়ার সার্ভিসে ফোন দিয়েছি, কিন্তু এখনো কেউ এসে পৌঁছায়নি। দয়া করে দ্রুত সাহায্য পাঠান, নয়তো মানুষগুলো আর বের হতে পারবে না। ঠিকানা: বাকলিয়া, কাজীর গলি, চট্টগ্রাম।",emergency
"ঘূর্ণিঝড়ে পুরো এলাকায় ধ্বংসস্তূপ পড়ে আছে। আমাদের ঘরের ছাদ উড়ে গেছে, এবং আমরা এখন খোলা আকাশের নিচে আছি। চারপাশে শুধু পানি আর কাদা। খাবার, ওষুধ, এবং পানির খুব দরকার। আমার পরিবারের কেউ কেউ আহত, কিন্তু হাসপাতালে যাওয়ার কোনো উপায় নেই। সরকার বা রেড ক্রস যদি আমাদের খোঁজ নেয়, তা হলে আমরা বাঁচতে পারি। ঠিকানা: পাথরঘাটা, বরগুনা।",emergency
"গ্রাম: আমিরাবাদ, পোস্ট অফিস: দেওটি বাজার, ওয়ার্ড নং: 04, ইউনিয়ন: 09, সোনাইমুড়ী থানা, নোয়াখালী।  
নোয়াখালী সোনাইমুড়ী থানা থেকে কলেজ রোড দিয়ে প্রায় 9 km ভিতরে, এরিয়াতে পানির অবস্থা ভালো না। 
বিশেষ করে খাবার পানির সংকট, সব টিউবওয়েল মুখ পানির নিচে। ",
"। আমার শহরটা ভেসে যাচ্ছে, আমার এলাকায় কোমর পরিমান পানি প্রায়, বৃষ্টি নেই কিন্তু পানি ক্রমাগত বেড়েই চলেছে, সবাই ফেনী এবং নোয়াখালীর দিকেই যাচ্ছে লক্ষীপুরের কথা তেমন একটা আসছে না, দয়া করে লক্ষীপুরের দিকে নজর দিন",
"৩ দিন যাবত আমার ভাইয়ের কোন খোঁজ পাচ্ছিনা 
নাম- আব্দুল্লাহ আল বাকী (ফাহিম)
ঠিকানা- আব্দুল্লাহ মাস্টারের বাড়ি, কোলাপাড়া গ্রাম, পরশুরাম। একটু যদি খোঁজ নিয়ে দিতে পারতেন ! গত তিনদিন আগে সে সাহায্য চেয়ে এই পোস্টটি করেছিল",
"আমার ব্যাচমেট নোবিপ্রবি এসিসিই বিভাগের ২০১৮-১৯ সেশনের শিক্ষার্থী Mohammad Abdul Kaiyum এর সাথে বন্যা শুরুর পর থেকে আর যোগাযোগ করা যাচ্ছে না।
তার বাসা ফেনীর ফুলগাজী মহিলা কলেজের কাছে। 
যদি রেস্কিউ টিম থাকে প্লিজ একটু যোগাযোগের চেষ্টা করুন।",
"আমার বন্ধু কলির খোঁজ পাওয়া যাচ্ছে না গত ২দিন ধরে।  সমাজবিজ্ঞান বিভাগ, ১৫তম ব্যাচ। 

নাম : নাহিন সুলতানা কলি
ঠিকানা : সোনাগাজী। তবে সে এখন সম্ভবত ফেনী সদরেই আছে। রয়েল হাসপাতালের গলি।
ও বাসা সম্ভবত দাউদপুর। সোনাগাজী, ফেনী।",
"মাইজদী থেকে প্রায় ৪/৫ কিলো ভিতরে দানা মিয়া মাদ্রাসায় ১০০+ মানুষ আছে আশ্রয় কেন্দ্রে আছে।
এখন অব্দি এখানে দুপুরের খাবার পৌছায় নি।
শুকবা বা যে কোনো খাবার এ দিকে পাঠানোর ব্যাবস্থা করেন।।",
"এখনো কোনো টিম পৌঁছাতে পারেনি, অনেক মানুষ আটকা পড়ে আছে প্লিজ হেল্প

1.সাহানা আক্তার (45), স্বামী মৃত খন্দকার হাবিবুর রহমান  2.ইশরাত  ছুমাইয়া (১৮), সম্পর্ক মা-মেয়ে।
গ্রাম- উত্তর ধনিকুন্ডা
উপজেলা- পরশুরাম",
"ফেনির ১০ নং গোপাল ইউনিয়নের ৬নং ওয়ার্ড, দক্ষিণ লাঙল মোডা গ্রামে ঈদগার সামনে দোতলা বিল্ডিং এ শামসুল হকের বাসায় বর্তমানে  ৪০ এর অধিক লোক আটকা পড়ে আছেন. আশে পাশে কোন রেস্কিও টিম থাকলে দয়া করে পঠান…",
"আজকে নোয়াখালী অথবা লক্ষ্মীপুর থেকে যারা ফেনীর উদ্দেশ্যে যাবেন, আল্লাহরওয়াস্তে আমাদের ফ্রেন্ডের একটু খোঁজ দিয়েন।

ওর বাড়ি পুরা ডুবে গেছে। পাশের একটা দোতলা বাড়িতে আশ্রয় নিয়েছে ওরা।

লাস্ট গতকালকে দুপুরে কন্টাক্ট হইছে।তখন পর্যন্ত ওদের দোতলায় পানি উঠতে শুরু করছে। আর কোন খোঁজ পাচ্ছিনা।",
"ফেনী পূর্ব বিজয় সিংহ,পশ্চিম রামপুর, হাজি জলিল বেপারি বাড়ি  আমাদের বাড়ির অবস্থা খুবই খারাপ ২য় তলায় অবস্থান নিয়েছে মানুষ ১ম তলা ডুবে এখন ২য় তলা প্রায় ডুবে যাচ্ছে আপনারা যে যেখান থেকে পারেন আমার এলাকার মানুষকে ও পরিবারকে আপনারা সাহায্য করুন আপনারা আজকে সাহায্য না করলে অনেক মানুষ এর জীবণ শেষ হয়ে যাবে আপনারা যে যেখান থেকে পারেন আমাদের সাহায্য করুন।",
"এখনো কোনো টিম পৌঁছাতে পারেনি, অনেক মানুষ আটকা পড়ে আছে প্লিজ হেল্প

1.সাহানা আক্তার (45), স্বামী মৃত খন্দকার হাবিবুর রহমান  2.ইশরাত  ছুমাইয়া (১৮), সম্পর্ক মা-মেয়ে।
গ্রাম- উত্তর ধনিকুন্ডা
উপজেলা- পরশুরাম",
"ফেনীতে সাহায্য প্রয়োজন,, সেখানে লালপোল এর আগে সবাই আটকে আছে এবং আমার মামা ও সেখানে আটকে আছে,,  তার মোবাইলে কল যাচ্ছে না রেসকিউ টিম সেখানে থাকলে প্লিজ উদ্ধার করুন  আর কোনো রাস্তা চোখে দেখছি নাহ বাসায় কান্নাকাটি পড়ে গেলো প্লিজ যত তাড়াতাড়ি সম্ভব কিছু করুন",
"
এই লোকেশনে আমার আত্মীয়রা অবস্থান করেছেন কিন্তু ইতিমধ্য প্রায় ৫০ জন হবে আশ্রয় নিয়েছেন । দয়া করে তাদের সবার জন্য খাদ্য সামগ্রী এবং মোমবাতির ব্যবস্থা করে দিন",
"অর্ণব গোস্বামী,
এগ্রিকালচার ডিপার্টমেন্ট, নোবিপ্রবি ১৪ ব্যাচ।
ফেনীতে পরিবার নিয়ে অবস্থানরত ছিলো, নিচতলা বাসায় পানি উঠে যাওয়ায়,পাশের বিল্ডিংয়ের ২/৩ তলায় অবস্থান করেন। কিন্তু সেখানেও পানি উঠতে শুরু করে দ্রুত, এরপর আর যোগাযোগ করাও সম্ভব হয় নি।

বিল্ডিং থেকে সরে যাওয়ার মতো অবস্থা ছিলো না। দ্রুত তাদের সাহায্যের প্রয়োজন,এখনও সাহায্য পৌছায় নি।",
"কারো কাছে ওই এলাকার কোন আপডেট থাকলে দিন!!!

(১) ইফতেখার জাহান তানজিল, ফলিত গণিত ১৫ তম ব্যাচ, ও তার পরিবারের কোন খবর পাওয়া যাচ্ছে না।থানাঃ ছাগলনাইয়া ,গ্রামঃ উত্তর যশপুর । নুরুন নেওয়াজ একটা স্কুল আছে ওটার আসেপাশে বাড়ি",
"১/আমাদের বাসায় যে আন্টি আসে,উনার ঠিকানা কবিরহাট রোড,মমিনের দোকান,দক্ষিন মাছিমপুর।

উনার সাথে কথা বলে জানলাম,ঘরে অনেক পানি।খাটের উপর থেকে নামতে পারছে না কেউ ই।আজকেও কোনো রান্না হয়নি।কোনো প্রকার কোনো সাহায্য ও উনারা এখনো অব্ধি পায় নি।

তাই প্লিজ এই এরিয়াতে একটু সাহায্যের ব্যবস্থা করুন।যত দ্রুত সম্ভব ",
"আর্জেন্ট হেল্প 
আমার বন্ধুর মাসির, বোনের পরিবার সহ উনাদের গ্রামের সব মানুষ আটকে আছে। সব ডুবে গেছে। 
কাউকে পাচ্ছে না সাহায্যের জন্য। বাড়ি থেকে কেউ সরে আসতেও পারতেসে না। একটা দোতলা বিল্ডিং এ
 অবস্থান নিয়েছিল।একি বাড়ির ৪০/৫০ জন। ছোট বাচ্ছা সহ বৃদ্ধ সকলেই আছেন।",
"আর্জেন্ট হেল্প | যাতায়াতঃ ফেনী থেকে পরশুরাম বাজার,,ওখান থেকে সুবার বাজার রাস্তার মাথা,,,থেকে মেলাঘর স্কুল থেকে হুদা মেম্বার বা প্রমিজদের বাড়ি
নোবিপ্রবি-১৮তম ব্যাচ, কেমিস্ট্রি ডিপার্টমেন্টর ছোট ভাই আরিফের পরিবারকে সাহায্য করুন দয়া করে। ",
"কারো কাছে ওই এলাকার কোন আপডেট থাকলে দিন!! তাসমিয়া আক্তার নিহা, ফলিত গণিত ১৫ তম ব্যাচ।চৌদ্দগ্রাম থানা, কনকাপৈত ইউনিয়ন , জঙ্গলপুর গ্রাম, জঙ্গলপুর ভূইয়া বাড়ি  তার পরিবারের কোন খবর পাওয়া যাচ্ছে না।",
"আর্জেন্ট হেল্প | কারে কাছে কোন টিমের খোঁজ থাকলে জানিয়ে দিন।
মহিলা মাদ্রাসাটিতে প্রায় ৪০০ শো এর উপরে মহিলা ছাত্রী-শিক্ষিকা রয়েছে। সবাই পানি-বন্দি। পর্দানশীন এই মা-বোনরা খুব কঠিন পরিস্থিতিতে আছেন। কারেন্ট নেই। বাহির থেকে কোনো কিছু আনার মতো পরিস্থিতিও নেই। প্রচুর খাদ্য সংকট; বিশেষ করে শুকনো খাবার আর মোমবাতি ইত্যাদি। ",
"রেসকিউ টিমের সাহায্য চাই। 
নোবিপ্রবি অর্থনীতি ১৮ ব্যাচের শিক্ষার্থী সিদরাতুল মুনতাহা বুশরা। গতকাল থেকে যোগাযোগ করা যায়নি। 
ঠিকানা: ছাগলনাইয়া, থানা পাড়া পোস্ট অফিসের অপজিট গলি।

কেউ যদি তাদের খবর জেনে থাকেন একটু আমাদেরকে জানিয়ে উপকৃত করবেন। ",
" আইশা তাসনিম আপুর পুরো পরিবার আটকে আছেন! 🚨
ফেনীর মাস্টার পাড়ায়, বেলাল কমিশনারের বাড়ির পাশের গলিতে তারা পানিবন্দী হয়ে আছেন। কোনোভাবে যোগাযোগ করা যাচ্ছে না।

আমার ফ্রেন্ডলিস্টে যারা উদ্ধারকারী দল বা প্রশাসনের সাথে যুক্ত আছেন, দয়া করে তাদের উদ্ধারের ব্যবস্থা করুন। লোকেশন:
ফেনী সদর, মাস্টার পাড়া, বেলাল কমিশনারের বাড়ির পাশের গলি।",
"জরুরি অনুরোধ: আমাদের ফার্মেসি ১৮তম ব্যাচের আইরিন নূর আহমেদের সাথে কল বা মেসেজ কোনোভাবেই যোগাযোগ করা যাচ্ছে না। আইরিনের বাড়ি ফেনীর পরশুরামে অবস্থিত। আমরা যথাসাধ্য চেষ্টা করেও তার সাথে যোগাযোগ স্থাপন করতে পারিনি।

পরশুরামে অবস্থানরত স্বেচ্ছাসেবক বা উদ্ধারকারী দলের সদস্যদের বিশেষভাবে অনুরোধ করা যাচ্ছে, দয়া করে আইরিনের অবস্থান খুঁজে বের করতে এবং প্রয়োজনীয় সাহায্য প্রদান করতে এগিয়ে আসুন।",
"সমাজবিজ্ঞানের(ঢাবি) ২য় ব্যাচের বন্ধু  সাজু তার পরিবার সহ  প্রায় ১৫-২০ জন বাড়ির ছাদে আছে। এখন পর্যন্ত কোন নৌকা ম্যানেজ হয় নাই। 
রাতের মধ্যে ছাদ ডুবে গেলে ভয়াবহ বিপদ হবে।
এ গ্রামের প্রায় ৫০০ লোকের একই অবস্থা। 
প্লিজ হেল্প।",
"ফেনী ফাযিলপুর ২ নং ওয়াড,১২ নং ইউনিয়ন 
খেজুর গাছ তলা
সিকদার তালুক
মডান মসজিদ
.. ফেনীর এই এলাকায় কিছু মানুষ আটকা পড়ে আছে।ওই দিকের আপনাদের কেউ পরিচিত থাকলে একটু জানান।
এই নম্বরে এ যোগাযোগ করুন:",
"ইমার্জেন্সি একটা নৌকা লাগবে নোয়াখালী 
কবিরহাট উপজেলা ফরাইজি বাজারের পাশে। 
এক বাড়িতে প্রায় ৫০জন মানুষ আটকা পড়ে আছে বুকের উপরে পানি

কেউ হেল্প করেন প্লিজ",
"নাম: অনাদি রঞ্জন দাশ
ওশানোগ্রাফী ১৫তম ব্যাচ।
পরশুরাম উপজেলা | 
ওর সাথে যোগাযোগ করা সম্ভব হচ্ছে  না। 😥
আমার ডিপার্টমেন্টের সিনিয়র ভাইয়া। আপনাদের সবার সাহায্য কামনা করছি।",
"
ওর সাথে যোগাযোগ করা সম্ভব হচ্ছে  না। 😥
আমার ডিপার্টমেন্টের সিনিয়র ভাইয়া। আপনাদের সবার সাহায্য কামনা করছি।",
"বেগমগঞ্জের পৌরন বিবিতে ঔষধ,খাবার স্যালাইন , খাবার পানির সংকট। তার উপর একটানা বিদ্যুৎ নেই। সেখানে হাই স্কুলে প্রায় ১৮০ টি পরিবার রয়েছে এবং মাদ্রাসায় ৫০ টির বেশি পরিবার রয়েছে কালকে একটি টিম পাঠাতে পারলে ভালো হতো।",
"জানিনা পোস্টটি শেয়ার হবে কিনা। গত ২ দিন ধরে বিদ্যুৎ বিচ্ছিন্ন এবং মোবাইলে নেটওয়ার্ক খুব একটা কাজ করছে না। আমি বর্তমানে নোয়াখালীর বেগমগঞ্জ থানার ১৬ নং কাদিরপুর ইউনিয়ন এর অন্তর্গত  পৌরণ বিবির বাজারে আছি  মুহূর্তে আশ্রয় কেন্দ্রগুলোতে সবচেয়ে বেশি প্রয়োজন নিরাপদ পানি, শুকনা খাবার, মোমবাতি, জেনারেটর এবং জরুরি ঔষধ(বাচ্চাদের ডায়রিয়ার)। নোয়াখালীতে যারা ত্রাণ কার্যক্রমের সাথে যুক্ত আছেন তাঁদের প্রতি আমার অনুরোধ",
" হেল্প প্লিজ
আমার তিন কলিগের সাথে  আমরা এখনো যোগাযোগ করতে পারিনি। ডিসি অফিসে দুইবার রিপোর্ট করে আসছে আমাদের এক সিনিয়র স্যার।অনেক টিমের নাম্বারে কল দিয়েছি কিন্তু ফোন যাচ্ছে না। প্লিজ কোনভাবে কোন টিম গেলে দ্রুত সাহায্যের আবেদন জানাচ্ছি।
ফুলগাজী উপজেলার ঠিক পশ্চিম পাশে আমাদের বাসা তিন তলা বিল্ডিং। ",
"ফেনি মধুপুর সাহাবাড়ির অনেকে এক বাড়ির ছাদে আশ্রয় নিয়েছে জল খুব দ্রুত বাড়তেছে।
কোনো টিম আশেপাশে থাকলে উদ্ধার করুন
লোকেশন: সাহাবাড়ি,মধুপুর, ফেনী",
"ফেনী সদরে কোনো উদ্ধারকারী দল থাকলে যোগাযোগ করুন দয়া করে এখানে আমাদের সিএসটিই-১৮ ব্যাচের এক সহপাঠী তার ফ্যামিলি সহ অনেক মানুষ ছাদের উপর আটকা। কোনোভাবেই বের হতে পারছে না। 

লোকেশন: সদর মসজিদ মোড়, সেন্ট্রাল প্লাজা। ",
ওশানোগ্রাফী ডিপার্টমেন্টের ২য় ব্যাচ এর  মেহজাবিনের এর কোন আপডেট এখনো পাওয়া যায়নি। ওখানের  আশে পাশের ঘরের চাল পর্যন্ত পানি হওয়ায় ওই বাড়ি এবং তার আশেপাশের অনেকে ২ তলা বিল্ডিং এ আশ্রয় নিয়েছে।  তাদেরকে উদ্ধার করুন প্লিজ।ফে,
"আর্জেন্ট হেল্প পোস্ট প্লিজ।

আমার খালামনিদের বাড়ি পানিতে ডুবে গেছে। তারা সহ আশেপাশের প্রায় ১০০ জন মানুষ বাড়ির পাশে  দোতলার ছাদে আশ্রয় নিয়েছে। পানি খুব দ্রুত বাড়ছে। যদি কেউ তাদের উদ্ধারকাজে সাহায্য করতে পারেন প্লিজ।

ঠিকানা:
ফাজিলপুর, ফেনী",
"প্লিজ মাইজদী পূর্বে অনেক মানুষ আটকে আছে,,  আপনারা সাহায্যে করেন,,,  
স্থান : হেরাঙ্গির পোল 
আমরা সেখানে আছি বর্তমানে 
আমাদের একটা ভ্যানের প্রয়োজন মানুষ আনার জন্য প্লিজ সাহায্য করেন",
"ফেনী ফুলগাজীর আগে জি এম হাট বাজার থেকে উওরে  রাহাতেন্নেছা গার্লস  স্কুল (হেড টিচার  বাড়ি /রাজামিয়া ভুইঞা  বাড়ি / গিয়াস  উদ্দিন  মাস্টার  বাড়ি) থেকে ৫০গজ পশ্চিমে, নুরপুর গ্রাম।ওখানের  আশে পাশের ঘরের চাল পর্যন্ত পানি হওয়ায় ওই বাড়ি এবং তার আশেপাশের অনেকে ২ তলা বিল্ডিং এ আশ্রয় নিয়েছে।  তাদেরকে উদ্ধার করুন প্লিজ।",
"ফেনীতে একটি বাড়িতে বন্দী হওয়া ২৬০ জন লোক উদ্ধারের জন্য সহযোগিতা চেয়েছে। 

01824870535 এই নাম্বারে যোগাযোগ করে তাদেরকে সহযোগিতা করতে আর্তনাদ করছে। ফেনীতে অবস্থানরত সেনাবাহিনী অথবা সেচ্ছাসেবীদের কাছে তথ্যটি পৌঁছে দিয়ে পাশে দাঁড়ানোর আহবান রইল।",
"আমার মামারা আটকা পড়ছে বের হতে পারছে না। উনাদের বাড়িতে আরো মানুষ আছে কোনোভাবেই বের হতে পারছে না।
কেউ একটু উনাদের উদ্ধার করুন

ওয়াসিকপুর কামারহাট,নোয়াখালী",
"ফেনী মহেশপুরে অনেকে সাহায্য প্রার্থী আছে। অনেক বৃদ্ধ অসুস্থ ব্যক্তিও আটকা পড়ে আছে। 
যারা সাহায্যকারী দল আছেন, তাদের দৃষ্টি আকর্ষণ করছি, দয়া করে তাদের সাহায্য করুন। সেইখানে বন্যা পরিস্থিতি খুবই ভয়াবহ। সহায়তা করার মতো কেউ নেই।",
"তুলাবাড়ীয়া, শচীন্দ্র পাল সড়ক, লালপল থেকে ডানে ফেনী শহরে ঢুকতে। শচীন্দ্র পাল সড়ক দিয়ে 1 টু ভিতরে রামকৃষ্ণ মিশনের সামনের বাড়ি, মাস্টার বাড
: আমার মায়ের নাম তাপসী পাল

এখানে একটা ফ্যামিলি আটকা পড়ছে। কেউ পারলে ওনাদের হেল্প করেন। ",
"ফেনী পূর্ব দরবারপুরে অনেকে সাহায্য প্রার্থী আছে। অনেক বৃদ্ধ অসুস্থ ব্যক্তিও আটকা পড়ে আছে। 
যারা সাহায্যকারী দল আছেন, তাদের দৃষ্টি আকর্ষণ করছি, দয়া করে তাদের সাহায্য করুন। সেইখানে বন্যা পরিস্থিতি খুবই ভয়াবহ। সহায়তা করার মতো কেউ নেই।",
"ফেনিতে যারা উদ্ধারকাজ চালাচ্ছেন, কাইন্ডলি আমাদের বিজিই-১৬ এর Jahedul Hoq কে হেল্প করেন৷ ওখানে গর্ভবতী মহিলা সহ অনেক মানুষ আটকে আছে৷ ফেনি ফাজিলপুর ইউনিয়নে তারা লম্বা সময় ধরে আটকে থেকে হেল্প চাচ্ছে, ওদের ত্রাণের ব্যবস্থা করা দরকার৷ ওখানে কোনো রিলিফ যাচ্ছে না এখনো।",
"জরুরী‼️
নোয়াখালীর সোনাইমুড়ীতে এক গর্ভবতী নারী তিন সন্তানসহ  পানিতে আটকা 
সেখানে কোন পুরুষ নেই! 
যোগাযোগ নাম্বারও বন্ধ ‼️

ঠিকানা : সোনাইমুড়ী পূর্ব নাটেশ্বর, ",
NSTU এর কোন ভাই ফেনী জেলায় কাজ করলে নোবিপ্রবি ১৭ ব্যাচের পরিবেশ বিজ্ঞান ও দুর্যোগ ব্যবস্থাপনা (ESDM) বিভাগের আমাদের ক্লাসমেট রোকেয়া আক্তার সামিয়া  এর পরিবার কে কেউ উদ্ধার করেন প্লিজ। গত ২ দিন থেকে যোগাযোগ বিচ্ছিন্ন কোনো খোঁজ নেই।,
"এই লোকেশনে ইমিডিয়েটলি হেল্প লাগবে। এখনো কোনো রেসকিউ টিম যায়নি সেই গ্রামে।
আমার কাজিনদের বাসা। ওখানে কোনো পুরুষ নেই।  ৪ টা ছোট বাচ্চা আর ৩ জন মহিলা শুধু( একজন বয়োবৃদ্ধ) ।  কোমর সমান পানি বাসায়। ফোন বন্ধ। কন্টাক্ট করা যাচ্ছে না। হেল্প প্লিজ। ",
"আমাদের রান্নার কাজ চলমান!..

আপনারা যে যেভাবে পারেন একটু ফান্ডিং টা বুস্ট করেন। আমাদের সামনে অনেক কাজ বাকি।",
"ফেনীতে জরুরী উদ্ধার অভিযান

বায়োকেমিস্ট্রি এন্ড মলিকুলার বায়োলজি বিভাগের ১৪ তম ব্যাচের ছাত্র মেজবাহ ভাইয়ের সাথে গতকাল থেকে যোগাযোগ করা যাচ্ছে না। হেল্পলাইন নাম্বর গুলাতেও যোগাযোগ করা যাচ্ছে না। কারো পক্ষে সাহায্য করা সম্ভব হলে দ্রুত এগিয়ে আসুন।",
" বাড়ির লোকেশন : 

নাসির উদ্দিন মজুমদার , আব্দুল খালেক মজুমদার 
গ্রাম - উত্তর ধনিকুন্ডা  এই ঠিকানায় দ্রুত উদ্ধার করা দরকার। আমার বান্ধবী তার পরিবারের সাথে কাল থেকে যোগাযোগ করতে পারছে না। দয়া করে রেসকিউ টিমের সদস্যরা দ্রুত সাহায্য করুন তাদের।",
"প্লিজ রেসকিউ টিম হেল্প করুন ,
আমাদের বাড়ি প্রায় ডুবে গেছে, আমার আম্মু আব্বুর সাথে গতকাল থেকে যোগাযোগ নেই , আমি প্রবাসে থাকি। কোনে ভাবেই এলাকার কারো সাথে যোগাযোগ করতে পারছি না।
ঠিকানা : ফেনি, ছাগলনাইয়া,  পাঠাননগর কাচারি বাজারের একটু আগে হাফিজিয়া মাদ্রাসা থেকে একটু ভিতরে, মজুমদার বাড়ি। ",
মাত্র আমাদের গ্রামের বাড়িতে আমরা যোগাযোগ করতে পেরেছি...সবার ঘরে নাকি পানি ঢুকে গেছে তাই ওনারা সবাই এখন ছাদে বসে আছে। গ্রামের সব গুলোর বাড়ির প্রায় ১০০ জন এর মতো মানুষ আটকে পড়েছে। ওনাদেরকে রাত হওয়ার আগে উদ্ধার করতে হবে। প্লিজ হেল্প করেন তাদের.,
"ইমার্জেন্সি হেল্প 
আমার খালা  ও খালুর কোনো খোজ পাওয়া যাচ্ছে না৷ ওনাদের সাথে লাস্ট কথা হয়েছে পরশু। তখন বাড়ির নিচতলা ডুবে যাওয়ায় ওনারা দোতলা তে ছিলেন৷ আজ কি অবস্থা কেউ জানিনা। প্লিজ ফুলগাজী তে উদ্ধারকারী কেউ থাকলে একটু নূরপুর, মাস্টার বাড়ির আপডেট নেন।",
"আমার এক আত্মীয়ের পোস্ট এটা। উনাদের রিচ করা যাচ্ছে না। নিকটস্থ যারা আছেন কাইন্ডলি রেস্কিউ টিম পাঠাতে পারবেন?
আমার স্বেচ্ছাসেবক ভাইগুলা কই?? আমার বাড়ির মধ্যে আমার বয়স্ক জেঠা-জেঠি, ছোট চাচাতো ভাই-বোন সহ চাচা-চাচি আটকা পড়ে আছে।",
"যে নৌকা আসছিল তারা ঘুরে পাশের বাড়ির মানুষজন নিয়ে চলে গেছে একটু আগে কথা হলো। এখন পানি বাড়ির ছাদ ছুঁই ছুঁই। আর দেরি হলে ছাদেও থাকা যাবে না।
প্লিজ যদি সম্ভব হয় হেল্প করেন।
আমার বড় বোন। সবাই ঘরের ছাদে অবস্থান করছে।
হীরালাল ডাক্তার বাড়ি, ফুলতলা, লস্কর হাট, ফেনী।",
নোয়াখালীর বেগমগঞ্জ অনন্তপুরে কেউ কি নৌকা ম্যানেজ করে দিতে পারেন? খুব ই জরুরি।  ওখানে অনেক মানুষ আটকা।,
"পূর্ব বসিকপুর,ফুলগাজী,ফেনীতে ৫০ থেকে ৬০টির পরিবার আটকে আছে।
ওখানে পানি প্রায় এক থেকে দেড়তলা ছুঁই ছুই। টিনের চালের উপরে পানি উঠে গেছে। আজকের মধ্যে উদ্ধার করতে না পারলে সবাই মারা পড়বে।কতজন মারা গেছে তার হিসাব নই।কাইন্ডলি ওখানে কারো যাওয়ার ব্যবস্থা করুন।",
"জরুরী-
আজকের মধ্যে উদ্ধার অভিযান শুরু না করলে নোয়াখালী ও ফেনীতে মানবিক বিপর্যয় ঘটবে, বহুমানুষ নিখোঁজ হবে। আমার উপজেলা সেনবাগে গত ২ ঘন্টার বৃষ্টিতেই পানি বেড়েছে প্রায় ১ ফুট। মোবাইল নেটওয়ার্ক নেই, কারো সাথে যোগাযোগও করা যাচ্ছে না।
প্লিজ হেল্প, ইটস আর্জেন্ট",
সদর হাসপাতালের পেছনে ফলেশ্বরে। রাস্তার মাথা দিয়ে ভেতরের দিকে সাবেক এমপি অধ্যাপক জায়নাল আবেদীন (ভিপি জয়নাল)-এর বাড়ি পর্যন্ত যতগুলো উঁচু বিল্ডিং আছে। সবগুলোতে অনেক মানুষজন আশ্রয় নিয়েছে। তাদের শুকনো খাবার ও সুপেয় পানীয় দরকার। শত শত ফোন নাম্বার এ কল শত শত পাবলিক গ্রুপ এ পোস্ট  ইমারজেন্সি কল সেন্টারে এমনকি বন্যা ঝুঁকিপূর্ণ হেল্প সেন্টারে  কল দিয়ে ও কোনরকম  যোগাযোগ সম্ভব হয়নি,
"আমার মামার সাথে আজ তিনদিন যোগাযোগ নেই।
‎
‎ঠিকানা- চিথলিয়া,সমীতির রোড/এ.বি.এ সিরাজ উদ দৌলা রোড,পাশে এক মাদ্রাসায় আছেন (সর্বশেষ তথ্য মতে)।
‎সম্ভবত ফয়জুল উলুম তালিমুল কুরআন মাদ্রাসা ও readএতিমখানা(২ তলা)",
"আমার বোন(গর্ভবতি) ও বোনের জামাই এর সাথে আজ তিনদিন যোগাযোগ নেই।
‎ঠিকানা:-পরশুরাম,ডাচ বাংলা চত্বর/ডাক বাংলা মোড়,পরশুরাম এর আগে।বিজ পরশুরাম শাখার পরে,  হাজী কলিম উদ্দিন ম্যানশন এর অপসিট পাশে নেটওয়ার্ক টাওয়ারের পাশে ৫ তলা  ভবনের ৪র্থ তলায় আছে।",
"আমার বোন(গর্ভবতি) ও বোনের জামাই এর সাথে আজ তিনদিন যোগাযোগ নেই।
‎ঠিকানা:-পরশুরাম,ডাচ বাংলা চত্বর/ডাক বাংলা মোড়,পরশুরাম এর আগে।বিজ পরশুরাম শাখার পরে,  হাজী কলিম উদ্দিন ম্যানশন এর অপসিট পাশে নেটওয়ার্ক টাওয়ারের পাশে ৫ তলা  ভবনের ৪র্থ তলায় আছে।",
"শান্তির হাট নতুন করৈয়া স্বেচ্ছাসেবী ভাইদের প্রতি আকর্ষণ করতেছি,লক্ষ্মীপুর প্রাইমারি স্কুলে দক্ষিণ পাশে হিন্দু বাড়িতে হিন্দু মুসলিম সহ ১৫০+ আছে, ওদেরকে উদ্ধার করুন নয়তো শুকনা খাবার পানির ব্যবস্থা করে দিন প্লিজ সহযোগিতা করুন। আজ রাত নয় কাল সকালবেলা হলেও চেষ্টা করুন",
"বাড়ি:মৌলভীবাড়ি
‎গ্রাম:উত্তর চাঁদপুর 
‎ইউনিয়ন: লেমুয়া 
‎উপজেলা: ফেনী সদর 
‎জেলা: ফেনী 
‎মো নুরুল আবছারের বাড়ি বললে চিনাই দিবে.. ৩০+ মানুষ এবং ১০+ বাচ্চা সহ সবাই দুই তলা বিল্ডিং এ আটকা পড়ে আছে।
‎খাবার পানি আর খাদ্যের তীব্র সংকট চলতেছে আজকে দুই দিন ধরে এবং কোন যোগাযোগ নেই দুইদিন ধরে। 
‎এই এলাকাতে এখন পর্যন্ত কোন টিম বা বোট যায় নাই...  সর্বশেষ শুনলাম এদিকে মানবিক বিপর্যয় চরমে পোছে গেছে..  এই গ্রামের হাজার হাজারো মানুষ চরম খাদ্য সংকটে আছে। ",
"৭. ‎ভাই ৫০- ৬০ জন মানুষ ছাদের উপর আছে।  দয়া করে কিছু একটা করুন। গত দুদিন থেকে যোগাযোগ বন্ধ। ভাই বাচ্চা মহিলা সহ বৃদ্ধ মানুষ আছে,  একটু কেউ তাদের উদ্ধার করুন। আশেপাশের অনেককেই উনারা আশ্রয় দিয়েছেন। সর্বশেষ খবর ছিল পানি বাড়ার কারণে দোতলার উপর আছেন উনারা।
‎
‎যদি কেউ যান ভাই দয়া করে কিছু খাবার পানি এবং শুকনা খাবার  নিয়ে  যাবেন। 
‎
‎লোকেশন: নোয়াখালী 
‎উপজেলা:বেগমগঞ্জ",
"‎ভাই আসসালামু আলাইকুম,  
‎গত ২ দিন ধরে কোন নাম্বারে সাহায্য না পেয়ে আজকে পোস্ট দিচ্ছি। যদি পারেন ভাই কেউ একটু সাহায্য করবেন।
‎
‎ফেনী মহিপাল থেকে ১৭ কিলোমিটার ভিতরে আলোকদিয়া সোনাপুর হাইস্কুলের ১.৫ কিমি পূর্ব পাশে একটাই ৪ তালা বাড়ি আছে ঐ এলাকায়।সোনাপুর গ্রামে আব্দুস সালাম সাহেবের বাড়ি। ছেলের নাম 
‎সোহাগ- ০১৮২৭৫২৩২৩৮",
". পানি বাড়ছে । কালকে রাতে এক ফোঁটাও পানি বাড়ে নি । কিন্তু সকাল থেকে কই থেকে পানি বাড়ছে বুঝাই যাচ্ছে না । গতকাল থেকে বিদ্যুৎ নেই , ফোন এর নেট নাই । তাই ফোন অফ ছিলো । এখন আসছে । আমাদের এইদিকে মানুষের খাবার আর ঔষধ এর প্রয়োজন । হয়তো কালকে অব্দি বিশুদ্ধ পানির সংকট দেখা দিবে । আমি বাড়ি , লোক বাঁচাবো নাকি আপনাদের ফোন ধরবো সেইটাই বুঝা যাচ্ছে না । আমাদের এখনও নিজ বাড়ি থেকে যাওয়ার প্রয়োজন পড়ে নি । আরো পানি বাড়তে থাকলে বাড়ির ছাদে উঠতে হবে । তার পরেও যদি না হয় , আল্লাহ্ না করুক তাহলে বুড়িচং আশ্রয় স্থলে যাইতে হবে । ",
"ফেনীর ছাগলনাইয়াতে তীব্র খাবার‌ ও পানির সংকট৷ পূর্ব হরিপুর সতর নদীর কুল রেজুমিয়া পাঠানগড এবং তার আশে পাশের এলাকার বাড়ির ছাদে অনেক মানুষ আটকে আছে, তারা আজকে ৩দিন না খেয়ে আছে। আপনারা যারা ত্রাণ ও খাবার পানি নিয়ে ফেনীর উদ্দেশ্যে যাচ্ছেন দয়া করে আপনারা ছাগলনাইয়ার দিকে যান।
‎ছাগলনাইয়াতে তীব্র খাবার ও পানির সংকট ",
"আসসালামুয়ালাইকুম, 
‎ফেনি ছাগলনাইয়া উপজেলা
‎কাচারী বাজার পোষ্ট অফিস 
‎কাতালিয়া গ্রাম
‎এই লোকেশনে এখন পর্যন্ত কোনো উদ্ধারকারী টিম যায়নি।দুই দিন ধরে শিশু,বৃদ্ধসহ অনেক মানুষ না খেয়ে আছে।ওরা ছাদে আশ্রয় নিয়েছে।এখানে ত্রাণ পাঠানোর ব্যবস্থা করুন দয়া করে।

",
"ফেনী সদর উপজেলার ৬ নং কালিদহ ইউনিয়নের ৫ নং ওয়ার্ডের মাইজবড়িয়া গ্রামের বেছুর দোকান থেকে উত্তর দিকে ফারুক ব্রিক ফিল্ডে যাওয়ার রাস্তায় বেশ কয়েকটি বাড়িতে অনেকে একতলা বাড়ির ছাদের উপর আটকে আছেন। অনেক বয়স্ক মানুষ এবং শিশু সেখানে ৩-৪ দিন ধরে না খেয়ে আছে। আমার ঠাকুরমার বয়স ৯০+। অনুগ্রহ করে সম্ভব হলে তাদের উদ্ধার করুন অথবা শুকনো খাবার ও পানি সরবরাহ করুন। যদি শুধুমাত্র সেনাবাহিনী যেতে পারে, দয়া করে সেনাবাহিনীকে তাদের উদ্ধার করার জন্য স্থানটির অবস্থান জানান। ",
"পুরো কালিদহ ইউনিয়ন বন্যা কবলিত, প্লিজ যে যেভাবে পারেন সাহায্য করুন। আমাদের বাড়ির গুগল ম্যাপ লোকেশন এখানে দিচ্ছি।এই লোকেশন ধরে গেলে মানুষ গুলোর অনেক উপকার হবে।
 তাদেরকে আজকের মাধ্যে বাচাতে হবে, নাইলে খাবার পৌঁছে দিতে হবে৷ ",
"আমার ছোট ভাইটা ৩-৪ কিলোমিটার সাতার কেটে  অন্য এলাকায় গিয়ে  একজনের মাধ্যমে কেদে কেদে  কল দিলো  আজকে ৫ দিন তাদের অই এলাকায় কেউ যায়নি৷ ইভেন একটা মানুষও তারা দেখেনি। 
‎
‎খাবার এবং পানির জন্য  নারী এবং বাচ্চা গুলো  আর কথা পর্যন্ত বলতে পারছেনা, বাচ্চা গুলা সেন্সলেস।  প্লিজ আপনারা বাচান, এখনো বাচানোর সুযোগ আছে। ১ বছরের ও ৪ বছরের শিশু আছে সেখানে৷ 
‎
‎গনিয়ামোড়া স্কুলের সামনের ৪-৫ টা ঘর, শাহপাড়া, ফুলগাজী।",
"জরুরি খাদ্য সহায়তা প্রয়োজন 
‎
‎গ্রাম: হিরাপুর, পোস্ট: ৭নং মাতু ভূঁইয়া, উপজেলা: দাগনভূঁইয়া, জেলা চট্টগ্রাম। 
‎
‎চট্টগ্রাম বিশ্ববিদ্যালয়ের সমুদ্রবিজ্ঞান বিভাগের সুমাইয়া আক্তার জানিয়েছেন, এই এলাকায় এখনও পর্যন্ত কোন ত্রাণ পৌঁছায়নি। মানুষজন খাবার আর পানির জন্য কান্না করছে। খুব খারাপ অবস্থা। দুর্গম এলাকা হওয়ায় সহজে যাওয়াও যাচ্ছে না। সেনাবাহিনী বা প্রশিক্ষিত উদ্ধারকারী দল যেতে পারবেন।",
"স্বপন মেম্বার এর পাশের বাড়ি।
‎মহিলা মেম্বার এর ঘরে  ২য় তলায়। 
‎বকশি শাহ্ সরকারি প্রাথমিক বিদ্যালয়ের পাশে। বশিকপুর
‎ফুলগাজী থানা।
‎জি এম হাট ইউনিয়ন।  বন্যায় অনেক মানুষ আটকে , মানুষজন খাবার আর পানির জন্য কান্না করছে। খুব খারাপ অবস্থা। ",
ছাগলাইয়া লক্ষ্মীপুর গ্রামে  বাবুল ডাক্তার বাড়িতে এখনো পর্যন্ত কোনো সেবা কোন উদ্ধার কর্মী গ্রামের যায় নাই । ৩ ছাদে ২০ - ৩০ পরিবার আটকা পরে আছে। সবার দৃষ্টি আকর্ষণ করছি  তাদেরকে সাহায্য করুন ?  আশেপাশে  অনেকগুলা বাড়ির মধ্যে মানুষ কষ্ট করছে সবাইকে উদ্ধার করার অনুরোধ করছি । নদীর কূলে  বাড়ি  তাই তারা বেশি কষ্ট করছে ।এখনো পর্যন্ত গ্রামের মধ্যে কোন ত্রান  পায় নাই । দয়া করে সবাই সাহায্য করুন।,
"কেউ সাহায্য করেন প্লিজ আমার আংকেল আংটির আজ দুইদিন কোন খোঁজ পাওয়া যাচ্ছে না
ফেনী জেলার ,পরশুরাম থানার, 
রতনপুর গ্রামের ,হাজী বাড়ি বা মেম্বার বাড়িতে থাকেন ওনারা দুজনই বয়স্ক মানুষ 
",
" ইমারজেন্সি হেল্প  ,,মোবাইলের চার্জ ফুরিয়ে আসছে,  শীঘ্রই যোগাযোগ থেকে বিচ্ছিন্ন হয়ে যাওয়ার সম্ভাবনা।আমাদের বর্তমান লোকেশন। 
ফেনি সদর, বাঁলিগাও, ৯নং ওয়ার্ড কাতালিয়া, তালুকদার বাড়ি জামে মসজিদ।
প্রায় ১৫০ জন মানুষ দোতলায় অবস্থান করছি। পরিস্থিতি ভয়াবহতার রূপ নিচ্ছে।
ছাদের নিচে প্রায় গলা সমান পানি।
রেস্কিউ টিমের দৃষ্টি আকর্ষন করছি। ",
"একটি জরুরি হেল্প পোস্ট। 
বাথানিয়া গ্রাম। দাইয়াবিবি বাজার, আজিম ধুলুমিয়া উচ্চ বিদ্যালয় আশ্রয় কেন্দ্র অনেক মানুষ চরম  খাবার সংকট আছে।আমার চাচা,চাচি এই আশ্রয় কেন্দ্রে। আজ চার দিন পর তাদের খোজ পেলাম।দয়া করে তাদের খাবার দিয়ে সাহায্য করেন।
",
"কুমিল্লা, নাঙ্গলকোট, সাতবাড়িয়া গত ৩ দিন ধরে পানির নিচে ! এলাকাটা অনেক ভেতরে হওয়ায় কেউ যাচ্ছে না, যার কারনে তাদের খাবার সংকট দেখা দিয়েছে !! 

রেসকিউ টীম এবং ভলেন্টিয়ারদের কাছে এই বার্তাটি পৌঁছাতে সাহায্য করুন৷।",
"আসসালামু আলাইকুম,
ফেনীতে উদ্ধার অভিযানে অংশগ্রহণকারী সকল ভাইদের দৃষ্টি আকর্ষণ করছি

ফেনীর ছোট নদীর আশেপাশে গ্রামগুলোতে, ইউনিয়ন:  রাজাপুর, এছাড়া সোনাগাজী, ডাগনভূঁইয়া এরিয়াতে কোন প্রকার ত্রাণ সামগ্রী যায়নি এখন পর্যন্ত। এখানকার মানুষজন খুবই দুর্বিসহ জীবন যাপন করছে। বিশেষ করে খাবার পানি একদম নাই বললেই চলে। আপনারা যারা ত্রাণ  বিতরণ কার্যক্রমের সাথে জড়িত তাদের দৃষ্টি আকর্ষণ করছি। আপনারা দয়া করে এই দিকের এলাকা গুলোতে একটু দৃষ্টিপাত করুন। তাহলে অনেক প্রাণ বেঁচে যাবে। 
",
"আমাদের সোনাগাজী ভালো নাই ১নং চর মজলিশপুর ২নং বগাদানা ৩নং মঙ্গলকান্দি ৮নং আমিরাবাদ ও ৯ নং নবাবপুর ইউনিয়নের অবস্থা খুবই ভয়াবহ আকারে ধারণ করেছে। 
তার পাশাপাশি অন্য ইউনিয়নে ও পানি বাড়তেছে,বিভিন্ন সামাজিক সংগঠনের যে সকল উদ্ধার কর্মীরা ফেনী, ফুলগাজী, পরশুরাম ও ছাগলনাইয়া উপজেলায় কর্মরত আছেন আপনারা  সোনাগাজী উপজেলার দিকেও গুরুত্ব দিন। বর্তমানে সোনাগাজীর অত্র ইউনিয়ন গুলোতে শত-শত পরিবার পানিবন্দী ও খাবার সংকটে আছে।তাদেরকে সাহায্যের  জন্য দয়া করে এগিয়ে আসুন।",
"!!!!সকলের দৃষ্টি আকর্ষন করছি!!!!

আমাদের লক্ষ্মীপুরের অবস্থা ক্রমশ খারাপ হচ্ছে। মেঘনার পানি বাড়ছে। প্রায় লক্ষাধিক মানুষ পানিবন্দী।
ফেনী সহ বিভিন্ন জায়গায় অনেক স্বেচ্ছাসেবী রয়েছে। আপনারা যারা ফেনী যাওয়ার প্রস্তুতি নিচ্ছেন, আপনারা লক্ষ্মীপুর আসেন। এখানে প্রচুর ত্রানের দরকার। স্থানীয়রা সর্বোচ্চ চেষ্টা করছে। তাদের পাশে দাঁড়ান।
",
ফেনী  লেমুয়া ৪ নং ওয়ার্ড এর কাঠের ব্রিজ এর পশ্চিম  পাশে সৈয়দ হাসান সাহেব বাড়িতে আমার পরিবার  বাড়ির প্রতিবেশি শিশু বৃদ্ধ সহ ৩০+ মানুষ আমাদের ২য় তলায় আটকা আছে!  কালকে সন্ধ্যার পর থেকে আর কোনো যোগাযোগ হয় নাই! এখন পর্যন্ত  ২য় তলায় পানি উঠি যাওয়ার সম্ভবনা রয়েছে! খাবারের সংকট হতে পারে! যারা লেমুয়াতে উদ্ধার কাজে নিয়োজিত আছেন দয়া করে ওইদিকে একটু খোঁজ নিবেন!  কেউ যদি কোন আপডেট পান দয়া করে জানাবেন। ,
"আসসালামু আলাইকুম 
আমার ফ্রেন্ডের বড় আপু  ফেনী সদর হসপিটালের ইন্টার্ন করছে । 
এনএসটিইউ এর কোন ভাইয়া ফেনী জেলায় কাজ করলে   মলি মজুমদার আপু ওনার ফ্রেন্ডদের  গত ৩ দিন থেকে যোগাযোগ বিচ্ছিন্ন কোনো খোঁজ নেই।

ঠিকানা : সিকদার রোড ফেনী সদর হসপিটালের পিছনে  
মলি আপুর নাম্বার: ০১৮৭৬২৯০৮৩৫",
"বিগত ৪ দিন আমার নানা বাড়ীর কারো সাথে কোনো যোগাযোগ নাই। সেখানে আমার মেজ মামা-মামী, ছোটোমামী সহ ৪ জন ছোটো ভাইবোন আছে। তারা বাড়ির ছাঁদে আছে। খাওয়ার পানিও মনেহয় শেষ। দয়াকরে কেউ যোগাযোগ এর ব্যবস্থা করে দিন
কিসমত বিজয়পুর, গাইন বাড়ির রাস্তা, কাজী বাড়ি, ফুলগাজী ফেনী। 
কোনো টিম তাদের সন্ধান পেলে ০১৮৬৯৬৩৩৪০০ এই নম্বরে যোগাযোগ করবেন",
"বিগত ৪ দিন আমার নানা বাড়ীর কারো সাথে কোনো যোগাযোগ নাই। সেখানে আমার মেজ মামা-মামী, ছোটোমামী সহ ৪ জন ছোটো ভাইবোন আছে। তারা বাড়ির ছাঁদে আছে। খাওয়ার পানিও মনেহয় শেষ। দয়াকরে কেউ যোগাযোগ এর ব্যবস্থা করে দিন
কিসমত বিজয়পুর, গাইন বাড়ির রাস্তা, কাজী বাড়ি, ফুলগাজী ফেনী। 
কোনো টিম তাদের সন্ধান পেলে ০১৮৬৯৬৩৩৪০০ এই নম্বরে যোগাযোগ করবেন",
"হরিপুর দেওয়ানবাড়ি মোস্তাকের দুই তালা বাড়ি আটকা পড়ে আছে ২০৭ জন লোক। পানি আর খাওয়ার সংকট।
যোগাযোগ ০১৮২৪৮৭০৫৩৫

ছাদে লাল পতাকা টাঙ্গানো আছে।

শেষ যোগাযোগ : শুক্রবার দুপুর ২.৩০",
"আমার স্ত্রী ৯ মাসের গর্ভবতী, আজ তার সন্তান ভূমিষ্ট হওয়ার তারিখ। আজ ৪দিন পরিবারের সাথে কোন যোগাযোগ নেই, সে পরশুরামে বন্যা কবলিত এলাকায় আটকা পড়ে আছে। তাকে উদ্ধার করে হাসপাতালে নিয়ে আসার ব্যবস্থা করার অনুরোধ রইল।

আজ কয়েকদিন পরশুরাম যাওয়ার চেষ্টা করেও পারিনি।

সামিয়া সুলতানা, উত্তর সোনাপুর রোজেসপুর বাজারের দক্ষিণে) আইয়ুব হুজুরের বাড়ি। পরশুরাম ফেনী।
",
"পশ্চিম অলকা, কালিবাজার সংলগ্ন ফারুকীয়া মাদ্রাসা, নুরুলের বাড়িসহ আশেপাশের বহুতল বিশিষ্ট বিল্ডিংগুলোতে অনেক লোকজন জলাবদ্ধতার মধ্যে আটকা পরে আছে। সেখানে আমার আত্মীয়-আপনজন, পরিচিতজন সহ বহু শিশু-কিশোর, বয়স্ক বৃদ্ধ-বৃদ্ধা, প্র্যাগনেন্ট মহিলা এবং অসুস্থ রোগী রয়েছেন। গত মঙ্গলবার (২০/০৮২৪) থেকে তাদের সঙ্গে সম্পূর্ণভাবে যোগাযোগ বিচ্ছিন্ন। আমাদের মধ্যে অনেকেই গত বুধবার (২১/০৮/২৪) থেকে নানাভাবে ওখানে যাওয়ার চেষ্টা করে ব্যর্থ হয়ে ফেনী টাউনে অপেক্ষা করছেন।",
"
৩১. ‎সাহিদা আক্তার মুন্নী, 
‎গ্রামঃ কহুয়া, ডাকঘরঃ বক্স মাহমুদ বাজার
‎উপজেলাঃ পরশুরাম, জেলাঃ ফেনী
‎লোকেশনঃ বক্স মাহমুদ বাজার থেকে বক্স মাহমুদ সরকারি স্কুলের পাশের রাস্তা দিয়ে ভেতরে যেতে হয় (শামসুল হক মাস্টারের বাড়ি)।
‎গত বুধবার সকালের পর থেকে উনাদের সাথে কোনো যোগাযোগ নাই।
‎প্লিজ হেল্প, প্লিজ...
‎উনার হাজবেন্ডের নাম নুরুল হুদা কানন। বাচ্চাদের নাম আবির, আয়ান।",
"অনেক বেশি আর্জেন্ট আজকে খাবার না পেলে মরে যাবে
‎ফেনী জেলার ফুলগাজী উপজেলার পুরাতন মুন্সির হাটে উওর শ্রীপুরে সৌদিয়া হোটেলের পাটেয়ারী টাওয়ারে ২৫০+  জন মানুষ অবস্হান করছে। যারা গত তিনদিন ধরে বন্যার পানি খেয়ে আছে। সবাই শুধু এক মুটো খাবারের জন্য হাহাকার করছে। শুকনো খাবার এখানে প্রয়োজন আর্জেন্ট৷
",
". আমার বৃদ্ধ নানা নানি, গর্ভবর্তী মামি সহ মোট ৬জন আটকা পড়ে আছে। একটা বোট নিয়ে গিয়ে প্লিজ তাদেরকে কেউ বাচান
‎নানার নামঃ ইউসুফ নবি
‎ঠিকানাঃ রিয়াজউদ্দিন ক্বারীবাড়ি (দেলোয়ার হোসেন চেয়ারম্যান মসজিদের পূর্বদিকে), গ্রাম: নাজিরপুর (ওয়ার্ড-৩, ৯নং নবাবপুর ইউনিয়ন), ডাকঘর: ভোরবাজার, থানা: সোনাগাজী, জেলা: ফেনী",
"ফেনীর পরশুরাম উপজেলার কালীকৃষ্ণ নগর, গদানগর, জংগল ঘোনা,কুন্ডের পাড়, ধনীকুন্ডা, নোয়াপুর গ্রামের    মানুষ আজ ৪,৫ দিন যাবত পানি বন্দি। কোনো খাবার পাচ্ছে না।দয়া করে সাহায্য করবেন কি",
"মোঃ ইউনুস, আমার খুব কাছের ছোট ভাই৷ ছোট ভাই সহ ওর ফ্যামিলি পানি বন্দী। চাঁদপুর,কুমিল্লা আর্দশ সদর অথবা অন্য জেলা থেকে যারা যাবেন এই ঠিকানায় একটু যাবেন দয়া করে৷ খুবই খারাপ অবস্থার ভিতর দিয়ে যাচ্ছে ওরা৷ 
‎ঠিকানা: কুমিল্লা, চৌদ্দগ্রাম উপজেলা, শুভপুর,ধনিজকরা।
‎যোগাযোগ : ০১৮৩১০৫৭৭০৪
",
"একটি পরিবার আটকে আছে। তাদের ঘরে পানি ঢুকে পড়ে আছে। কেউ উদ্ধার করতে যায়নি। সে তার পরিবার সহ ৫ জন খাটের উপরে বসে আছে।  তাদের আশেপাশে আরো ১০ জন আছে। দয়া করে তাদের উদ্ধার করুন।
‎
‎ঠিকানা : (নাঙ্গকোট থানা, আদ্রা ইউনিয়ন, কাকৈরতলা ) গ্রাম )",
"২নং.ওয়ার্ড
‎কাজী পাড়া
‎রাজা মিয়া হাজী বাড়ি
‎আল্লাহ সবাইকে হেফাজত করো সবাইকে সাহায্য করো বন্যা থেকে উদ্ধার কর । ইমারজেন্সি হেল্প  মানুষ দোতলায়  কয়েকটি বাচ্ছা নিয়ে আছে আমার বোন ছোট বাচ্চা নিয়ে আটকে আছে
‎ছাদের নিচে প্রায় গলা সমান পানি।
‎রেস্কিউ টিমের দৃষ্টি আকর্ষন করছি।",
"২নং.ওয়ার্ড
‎কাজী পাড়া
‎রাজা মিয়া হাজী বাড়ি
‎আল্লাহ সবাইকে হেফাজত করো সবাইকে সাহায্য করো বন্যা থেকে উদ্ধার কর । ইমারজেন্সি হেল্প  মানুষ দোতলায়  কয়েকটি বাচ্ছা নিয়ে আছে আমার বোন ছোট বাচ্চা নিয়ে আটকে আছে
‎ছাদের নিচে প্রায় গলা সমান পানি।
‎রেস্কিউ টিমের দৃষ্টি আকর্ষন করছি।",
"সকল উদ্ধারকারী দলের প্রতি বিশেষভাবে দৃষ্টি আকর্ষণ করছি - প্লিজ, আপনারা সহযোগিতা করুন, এগিয়ে আসুন, ওনাদেরকে উদ্ধার করে নিয়ে আসুন। আল্লাহ্ সবাইকে হেফাজতে রাখুক আমিন।
‎
‎লোকেশন: পশ্চিম অলকা কালিবাজার, পরশুরাম, ফেনী।",
"২নং.ওয়ার্ড
‎কাজী পাড়া
‎রাজা মিয়া হাজী বাড়ি
‎আল্লাহ সবাইকে হেফাজত করো সবাইকে সাহায্য করো বন্যা থেকে উদ্ধার কর । ইমারজেন্সি হেল্প  মানুষ দোতলায়  কয়েকটি বাচ্ছা নিয়ে আছে আমার বোন ছোট বাচ্চা নিয়ে আটকে আছে
‎ছাদের নিচে প্রায় গলা সমান পানি।
‎রেস্কিউ টিমের দৃষ্টি আকর্ষন করছি।",
"চৌদ্দগ্রামের মোট অঞ্চলের যে আশ্রয়কেন্দ্রগুলোতে জরুরি ভিত্তিতে পর্যাপ্ত খাদ্য ও বিশুদ্ধ পানি দরকার, সেখানে খাদ্যের জন্য হাহাকার চলছে-

১। কাদৈর উচ্চ বিদ্যালয়, চৌদ্দগ্রাম 
২। মুন্সিরহাট ডিগ্রি কলেজ, চৌদ্দগ্রাম 
৩। উনকোট উচ্চ বিদ্যালয়, চৌদ্দগ্রাম 
৪। যশপুর মাদ্রাসা, নালঘর, চৌদ্দগ্রাম
৫। বাতিশা উচ্চ বিদ্যালয়, চৌদ্দগ্রাম
",
"ছাগলনাইয়া,দক্ষিণ সতরো,তুলাতলি বাজার সংলগ্ন গ্রাম।উদ্ধার করেন ভাই।
পানিবন্দী দুইজন বয়স্ক মানুষ।২০ তারিখ রাত থেকে কোন খোজ পাচ্ছি না।
নাম: হাবিবুর রহমান
নাম: রহিমা আক্তার কাজল
কুমিল্লা থেকে এক আত্মীয় বলছি।প্লিজ প্লিজ প্লিজ,ওনাদেরকে উদ্ধার করুন",
"ছাগলনাইয়া,দক্ষিণ সতরো,তুলাতলি বাজার সংলগ্ন গ্রাম।উদ্ধার করেন ভাই।
পানিবন্দী দুইজন বয়স্ক মানুষ।২০ তারিখ রাত থেকে কোন খোজ পাচ্ছি না।
নাম: হাবিবুর রহমান
নাম: রহিমা আক্তার কাজল
কুমিল্লা থেকে এক আত্মীয় বলছি।প্লিজ প্লিজ প্লিজ,ওনাদেরকে উদ্ধার করুন",
"ছাগলনাইয়া,দক্ষিণ সতরো,তুলাতলি বাজার সংলগ্ন গ্রাম।উদ্ধার করেন ভাই।
পানিবন্দী দুইজন বয়স্ক মানুষ।২০ তারিখ রাত থেকে কোন খোজ পাচ্ছি না।
নাম: হাবিবুর রহমান
নাম: রহিমা আক্তার কাজল
কুমিল্লা থেকে এক আত্মীয় বলছি।প্লিজ প্লিজ প্লিজ,ওনাদেরকে উদ্ধার করুন",
"ছাগলনাইয়া,দক্ষিণ সতরো,তুলাতলি বাজার সংলগ্ন গ্রাম।উদ্ধার করেন ভাই।
পানিবন্দী দুইজন বয়স্ক মানুষ।২০ তারিখ রাত থেকে কোন খোজ পাচ্ছি না।
নাম: হাবিবুর রহমান
নাম: রহিমা আক্তার কাজল
কুমিল্লা থেকে এক আত্মীয় বলছি।প্লিজ প্লিজ প্লিজ,ওনাদেরকে উদ্ধার করুন",
"ছাগলনাইয়া,দক্ষিণ সতরো,তুলাতলি বাজার সংলগ্ন গ্রাম।উদ্ধার করেন ভাই।
পানিবন্দী দুইজন বয়স্ক মানুষ।২০ তারিখ রাত থেকে কোন খোজ পাচ্ছি না।
নাম: হাবিবুর রহমান
নাম: রহিমা আক্তার কাজল
কুমিল্লা থেকে এক আত্মীয় বলছি।প্লিজ প্লিজ প্লিজ,ওনাদেরকে উদ্ধার করুন",
"দক্ষিণ চাঁদপুর, সন্তোষ ডাক্তার বাড়ী, ফেনী,  লেমুয়া,
‎এই বাড়ির একজন প্রনতি ভোমিক এবং ওনার সাথে দুইটা ছোট বাচ্চা আছে।,
‎ওনারা এখন সম্ভবত দক্ষিণ চাঁদপুর (২) সরকারি প্রাথমিক বিদ্যালয়। আছেন।।
‎পলাশের বড় ভাইয়ের বউ বললে সবাই চিনবে।
‎আমার এই আন্টিকে একটু প্লিজ কেউ অইখান থেকে উদ্ধার করে এনে চট্টগ্রাম এর বাসে তুলে দিবে হবে।।
‎কেউ এই উপকার টা করেন ভাই। ",
"দক্ষিণ চাঁদপুর, সন্তোষ ডাক্তার বাড়ী, ফেনী,  লেমুয়া,
‎এই বাড়ির একজন প্রনতি ভোমিক এবং ওনার সাথে দুইটা ছোট বাচ্চা আছে।,
‎ওনারা এখন সম্ভবত দক্ষিণ চাঁদপুর (২) সরকারি প্রাথমিক বিদ্যালয়। আছেন।।
‎পলাশের বড় ভাইয়ের বউ বললে সবাই চিনবে।
‎আমার এই আন্টিকে একটু প্লিজ কেউ অইখান থেকে উদ্ধার করে এনে চট্টগ্রাম এর বাসে তুলে দিবে হবে।।
‎কেউ এই উপকার টা করেন ভাই। ",
"দক্ষিণ চাঁদপুর, সন্তোষ ডাক্তার বাড়ী, ফেনী,  লেমুয়া,
‎এই বাড়ির একজন প্রনতি ভোমিক এবং ওনার সাথে দুইটা ছোট বাচ্চা আছে।,
‎ওনারা এখন সম্ভবত দক্ষিণ চাঁদপুর (২) সরকারি প্রাথমিক বিদ্যালয়। আছেন।।
‎পলাশের বড় ভাইয়ের বউ বললে সবাই চিনবে।
‎আমার এই আন্টিকে একটু প্লিজ কেউ অইখান থেকে উদ্ধার করে এনে চট্টগ্রাম এর বাসে তুলে দিবে হবে।।
‎কেউ এই উপকার টা করেন ভাই। ",
"দক্ষিণ চাঁদপুর, সন্তোষ ডাক্তার বাড়ী, ফেনী,  লেমুয়া,
‎এই বাড়ির একজন প্রনতি ভোমিক এবং ওনার সাথে দুইটা ছোট বাচ্চা আছে।,
‎ওনারা এখন সম্ভবত দক্ষিণ চাঁদপুর (২) সরকারি প্রাথমিক বিদ্যালয়। আছেন।।
‎পলাশের বড় ভাইয়ের বউ বললে সবাই চিনবে।
‎আমার এই আন্টিকে একটু প্লিজ কেউ অইখান থেকে উদ্ধার করে এনে চট্টগ্রাম এর বাসে তুলে দিবে হবে।।
‎কেউ এই উপকার টা করেন ভাই। ",
"দক্ষিণ চাঁদপুর, সন্তোষ ডাক্তার বাড়ী, ফেনী,  লেমুয়া,
‎এই বাড়ির একজন প্রনতি ভোমিক এবং ওনার সাথে দুইটা ছোট বাচ্চা আছে।,
‎ওনারা এখন সম্ভবত দক্ষিণ চাঁদপুর (২) সরকারি প্রাথমিক বিদ্যালয়। আছেন।।
‎পলাশের বড় ভাইয়ের বউ বললে সবাই চিনবে।
‎আমার এই আন্টিকে একটু প্লিজ কেউ অইখান থেকে উদ্ধার করে এনে চট্টগ্রাম এর বাসে তুলে দিবে হবে।।
‎কেউ এই উপকার টা করেন ভাই। ",
"ঠিকানা: উত্তর ফাজিলপুর কলাতলী,ফেনী সদর।
‎
‎এটা চট্টগ্রামের দিক থেকে আসার পথে বারৈয়ারহাটের পরে।
‎এবং ঢাকার দিক থেকে আসার পথে- মহিপাল লালপোল,কক্সবাজারের পরে
‎
‎এখানে বহু মানুষ আটকে আছে- খাওয়ারের সমস্যা,  আশ্রয় কেন্দ্রে অনেকে আছে তবে পানি বেশি, এবং খাওয়ারের অভাব।
‎অনেকে বাড়ির ছাদে বসে আছে- ছাদ পর্যান্ত পানি।
‎আহাজারি সহ্য হচ্ছে নাহ ভাই।
‎দয়া করে সাহায্য করুন-",
"ঠিকানা: উত্তর ফাজিলপুর কলাতলী,ফেনী সদর।
‎
‎এটা চট্টগ্রামের দিক থেকে আসার পথে বারৈয়ারহাটের পরে।
‎এবং ঢাকার দিক থেকে আসার পথে- মহিপাল লালপোল,কক্সবাজারের পরে
‎
‎এখানে বহু মানুষ আটকে আছে- খাওয়ারের সমস্যা,  আশ্রয় কেন্দ্রে অনেকে আছে তবে পানি বেশি, এবং খাওয়ারের অভাব।
‎অনেকে বাড়ির ছাদে বসে আছে- ছাদ পর্যান্ত পানি।
‎আহাজারি সহ্য হচ্ছে নাহ ভাই।
‎দয়া করে সাহায্য করুন-",
"ইমারজেন্সি!!!! 
‎
‎""আমাদের ফেনীর ছাগলনাইয়ার কুহুমা লক্ষীপুরের হাজী মুজ্জাফর আমিন পাটোয়ারী বাড়িতে দুইজন অসুস্থ মানুষ সহ ১৫-২০ জন পানি বন্দি হয়ে আটক পড়েছে। দয়া করে বোর্ড নিয়ে যাই উনাদেরকে বাঁচান।""
‎   - শামীমা শাম্মী",
"বন্যায় চাঁদপুর জেলা, শাহরাস্তি উপজেলা,চিতোষী নরহ পানচাইল কাদরা তেত্বশহর বেততোলা কসবা আরো  এলাকা গুলোর অবস্থা খুবই ভয়াবহ
(চাঁদপুর জেলা, শাহরাস্তি উপজেলা, এবং শাহরাস্তি উপজেলার ইউনিয়নের গ্রামগুলো)
এরা কোনো সাহায্য ত্রাণ পাচ্ছে না।সবার দৃষ্টি আকর্ষণ করছি কেউ ওনাদের কে সহায়তা করুন 
",
"ফেনী জেলার, সোনাগাজী উপজেলার বন্যা পরিস্থিতি  অবনতির পথে। এখন থেকে উদ্ধার  কার্যক্রম  জোরালো না করলে পরবর্তীতে উদ্ধার কার্যক্রম  পরিচালনা অসম্ভব  হয়ে যাবে।আমি সোনাগাজী উপজেলার সফরপুর গ্রামের,  সাহেবের হাট সংলগ্ন  মোল্লা বাড়ির বাসিন্দা।  আমার   মোবাইল নং ০১৮৩৭৬২৯০২৫।  আমি আমার পরিবার সহ( আরো অন্যান্য পরিবারও আছে।  মোট ৫ পরিবার।  সদস্য প্রায় ৩০ জন)  একটি দোতাল বিল্ডিংয়ে আশ্রয় নিয়েছি।  নিচতলায় ধীরে ধীরে পানি উঠছে।  এই এলাকায় উদ্ধার  কাজ পরিচালনা  করছে এমন কোনো  রেসকিউ টিম থাকলে হেল্প করেন।",
"ফুলগাজী, দক্ষিণ আনন্দপুর, চন্দন বিয়া। ভুইয়া বাড়ির পাশে নতুন যে হাসপাতাল হয়েছে সেখানে প্রায় ১ হাজারের মতো মানুষ আশ্রয় নিয়েছে। কোনভাবে যদি সেখানে শুকনো খাবার বা পানির ব্যবস্থা করা যেতো এবং পানি বন্দী মানুষদের উদ্ধার কাজ যদি শুরু করা যেত কোনভাবে। এতগুলো মানুষ একসাথে  পানিবন্দি অবস্থায় আছে দয়া করে তাদেরকে উদ্ধার করুন।
‎যোগাযোগ 
‎পিয়াস: ০১৮১১৯১৭৩৪৩",
"ফুলগাজী, দক্ষিণ আনন্দপুর, চন্দন বিয়া। ভুইয়া বাড়ির পাশে নতুন যে হাসপাতাল হয়েছে সেখানে প্রায় ১ হাজারের মতো মানুষ আশ্রয় নিয়েছে। কোনভাবে যদি সেখানে শুকনো খাবার বা পানির ব্যবস্থা করা যেতো এবং পানি বন্দী মানুষদের উদ্ধার কাজ যদি শুরু করা যেত কোনভাবে। এতগুলো মানুষ একসাথে  পানিবন্দি অবস্থায় আছে দয়া করে তাদেরকে উদ্ধার করুন।
‎যোগাযোগ 
‎পিয়াস: ০১৮১১৯১৭৩৪৩",
"‎যোগাযোগ করুন:- ০১৮৩৮৫৬০৯৯৬  মুন্সিরহাট, ধলিয়া ,ফুলগাজী,ফেনী
‎ফেনী থেকে পুরো দেশের কাছে আবেদন:🙏
‎এই মুহূর্তে খাবার নয় নৌকা প্রয়োজন!
‎আগে নৌকা পাঠান 
‎মানুষ বাঁচান!
‎২২/৮/২৪ মুন্সিরহাট 
‎গ্রাম-ধলিয়া ভূঁইয়া বাড়ি আমার গ্রামে শতশত মানুষ আটকে আছে বাঁচান,আমার বাবা মা সহ।",
"আসসালামু আলাইকুম 
‎ফেনী লস্করহাট আজাদ মেম্বারের বাড়ি (পাটোয়ারী বাড়ি)। ৩ তলা বাড়ির ২য়/৩য় তলায় মহিলা/বাচ্চা সহ প্রায় ২০০ মানুষ। পানি ২য় তলা ছুই ছুই। কেউ কোনো ভাবে পারলে সাহায্য করেন অথবা খবর পৌছে দেন। মানুষগুলা কান্নাকাটি করতেসে।
‎ওখানকার একজনের নাম্বার
‎০১৮৫২১৫০৭৬৬",
"হেল্প লাগবে ইমার্জেন্সি
বন্যা পুরো মসজিদ, মাদ্রাসা ডুবে গেছে। লোকেশন ফেনী, ছাগলনাইয়া সড়কে কন্ট্রাক্টর মসজিদের পরে বাংলাবাজারের আগে  হাতের বামে খাম্বার গোডা হয়ে শাহগ্রাম জমিরিয়া মাদ্রাসা ফেনী। 
যোগাযোগ করুন
০১৮১৭৫৬১৫৮০
ফরিদ উদ্দিন আল মোবারক",
"নোয়াখালী চৌমুহনি চৌরাস্তা থেকে পশ্চিমে,মজাহিদ পুর, আমার ক্লাসমেট ,আলেম মানুষ এখনো পানিবন্দী, পর্যাপ্ত ত্রাণ এখনো পৌঁছায়নি, কেউ ঐ দিকে গেলে একটু তার সাথে যোগাযোগ করবেন প্লিজ।
০১৬০৬২৫৯৭৯৬
",
"নোয়াখালী চৌমুহনি চৌরাস্তা থেকে পশ্চিমে,মজাহিদ পুর, আমার ক্লাসমেট ,আলেম মানুষ এখনো পানিবন্দী, পর্যাপ্ত ত্রাণ এখনো পৌঁছায়নি, কেউ ঐ দিকে গেলে একটু তার সাথে যোগাযোগ করবেন প্লিজ।
০১৬০৬২৫৯৭৯৬
",
"নোয়াখালী চৌমুহনি চৌরাস্তা থেকে পশ্চিমে,মজাহিদ পুর, আমার ক্লাসমেট ,আলেম মানুষ এখনো পানিবন্দী, পর্যাপ্ত ত্রাণ এখনো পৌঁছায়নি, কেউ ঐ দিকে গেলে একটু তার সাথে যোগাযোগ করবেন প্লিজ।
০১৬০৬২৫৯৭৯৬
",
"রংপুরের গাইবান্ধা জেলায়, ফুলছড়ি উপজেলায় আমাদের বাড়ি পানিতে ভেসে গেছে। আমি, আমার স্বামী আর দুই ছেলে আটকে আছি। খাবার, পানি, সবই দরকার, দয়া করে উদ্ধার করুন।

",
"রংপুরের গাইবান্ধা জেলায়, ফুলছড়ি উপজেলায় আমাদের বাড়ি পানিতে ভেসে গেছে। আমি, আমার স্বামী আর দুই ছেলে আটকে আছি। খাবার, পানি, সবই দরকার, দয়া করে উদ্ধার করুন। হে আল্লাহ তায়ালা তুমি ছাড়া কোনো মাবুদ নাই সবাইকে হেফাজত করুন।

",
"ঢাকার ফরিদপুর জেলায়, বাংশা উপজেলায় আমাদের মসজিদে অনেক মানুষ আশ্রয় নিয়েছেন। খাবার, পানি, কম্বল সবই দরকার, শিশুরা ঠান্ডায় কাঁপছে",
"রাজশাহীর নাটোর জেলায়, সিংড়া উপজেলায় আমাদের বাড়ি পানিতে ভেসে গেছে। আমি, আমার মা, বাবা আটকে আছি, খাবার, পানি, ওষুধ সবই দরকার। দয়া করে উদ্ধার করুন ",
"রাজশাহীর নাটোর জেলায়, সিংড়া উপজেলায় আমাদের বাড়ি পানিতে ভেসে গেছে। আমি, আমার মা, বাবা আটকে আছি, খাবার, পানি, ওষুধ সবই দরকার। দয়া করে উদ্ধার করুন ",
"সিলেটের জৈন্তাপুর উপজেলায় আমাদের গ্রাম পানিতে ডুবে গেছে। আমরা একটি মাটির তৈরি উঁচু জায়গায় আশ্রয় নিয়েছি, কিন্তু খাবার, পানি দরকার। আমার মা ডায়াবেটিস রোগী, ইনসুলিন দরকার",
". রংপুরের লালমনিরহাট জেলায়, কালীগঞ্জ উপজেলায় আমাদের বাড়ি পানিতে ভেসে গেছে। আমি, আমার স্বামী আর দুই মেয়ে আটকে আছি। খাবার, পানি, সবই দরকার, দয়া করে উদ্ধার করুন।",
"আমি একটি বোটে আশ্রয় নিয়েছি, কুমিল্লার চৌদ্দগ্রাম উপজেলায়। পানি বাড়ছে, বোটটি ডুবতে পারে। খাবার, পানি, সবই দরকার। আমাদের উদ্ধার করুন, দয়া করে",
"কুমিল্লার চৌদ্দগ্রাম উপজেলায় একটি ৩ তলা বিল্ডিংয়ে অনেক মানুষ আশ্রয় নিয়েছেন। তাদের জন্য শুকনো খাবার, সুপেয় পানি এবং শিশুদের জন্য দুধ প্রয়োজন।
",
"আমার চাচাতো ভাইয়ের সাথে ২ দিন ধরে যোগাযোগ নেই।
ঠিকানা: চৌদ্দগ্রাম, কুমিল্লা, হাসপাতাল রোড, নতুন বাজারের কাছে।
আমি অসহায় বোধ করছি। শতাধিক কল, গ্রুপ পোস্ট, ইমার্জেন্সি হেল্পলাইনেও কোনো সাড়া পাইনি। আমার পরিবার কষ্টে আছে, উদ্ধারকারী দল এখনো আসেনি।

কবিরহাট, নোয়াখালী",
". পটুয়াখালীর গলাচিপা উপজেলায় আমাদের গ্রাম পানিতে ডুবে গেছে। আমরা একটি উঁচু জায়গায় আশ্রয় নিয়েছি, কিন্তু খাবার, পানি দরকার। আমার ছোট ভাই জ্বরে ভোগাচ্ছে, ওষুধ দরকার
",
"নোয়াখালীতে একজন ব্যক্তি ৩ দিন ধরে মা-বাবার খবর পায়নি। তারা হাতিয়া উপজেলায় আটকে আছে, জল দ্রুত উঠছে। 

জহরলাল মার্কেট, হাতিয়া, নোয়াখালী। 
",
"সিলেটে ত্রাণ দিতে এসে দুর্বৃত্তের হামলায় আমরা নৌকা হারিয়ে ফেলেছি। আমি এবং আমার টিম অনেকক্ষণ ধরে গাছে আটকে আছি, ঠান্ডা, ক্ষুধার্ত। চারপাশে অন্ধকার, জলে সাপ আছে, সাহায্য পাঠান!

যোগাযোগ: ০১৯৭৩৬২৯৭২৬",
"কুতুপালং শরণার্থী শিবিরে তাঁবু, খাবার, পরিষ্কার পানি, শিশু সুরক্ষা সেবার প্রয়োজন। এটি উখিয়া উপজেলা, কক্সবাজারে অবস্থান করছে।
",
". কুমিল্লায় গ্রাম ভেসে গেছে। ৫০০ জন স্কুলে আশ্রয় নিয়েছে, খাবার-পানি ফুরিয়ে গেছে। শিশুরা কাঁদছে, অসুস্থ হচ্ছে। দ্রুত সাহায্য দিন! 
ঠিকানা: বুরিচং, সরকারি প্রাথমিক বিদ্যালয়।
প্রয়োজনীয়তা: শুকনো খাবার, পানি শোধন ট্যাবলেট, চিকিৎসা সামগ্রী।",
"প্লিজ সাহায্য করুন! আমরা পানির মধ্যে আটকে আছি। বন্যার পানি বাড়িতে ঢুকে গেছে, বাচ্চারা আর বুড়ো মানুষ পানিতে ভাসছে। খাবার নেই, ওষুধ নেই। কেউ রেসকিউ টিম পাঠান, আমাদের বাঁচান! আমার ফোনের চার্জ শেষ হয়ে যাচ্ছে, ",
". হাওড়ের পানি বেড়েছে, বাড়ি ভেসে যাচ্ছে, নৌকা দিয়ে উদ্ধার দরকার, খাবার এবং পানি সরবরাহও প্রয়োজন। কোনো উদ্ধার টিম বা ত্রাণসামগ্রী নিয়ে কেউ আসেনি এখনও। সাহায্য করুন। ",
"প্লিজ সাহায্য করুন! আমরা ধানমন্ডি বস্তিতে পানির মধ্যে আটকে আছি। বন্যার পানি বাড়িতে ঢুকে গেছে, বাচ্চারা আর বুড়ো মানুষ পানিতে ভাসছে। খাবার নেই, ওষুধ নেই। কেউ রেসকিউ টিম পাঠান, আমাদের বাঁচান! আমার ফোনের চার্জ শেষ হয়ে যাচ্ছে, ",
"আমার বাবার হার্টে সমস্যা, বন্যার পানিতে ওষুধ ভেসে গেছে। তিনি কেমন কেমন করছে। সিলেটের গোয়াইনঘাটে আমরা পানির মধ্যে আটকে আছি। কোনো ডাক্তার বা মেডিকেল টিম পাঠানো যায়? পানিতে নৌকা ছাড়া যাওয়ার উপায় নেই। প্লিজ, আমার বাবাকে বাঁচন! আমার নাম রহিম, ফোন: ০১৮৯২৭৩৬৭২৮,",
". কুড়িগ্রামের চিলমারীতে বন্যায় আমাদের গ্রাম ডুবে গেছে! আমার বুড়ো বাবা-মা আর তিনটা বাচ্চা ছাদে আটকে আছে। তার মধ্যে একজন অসুস্থ হয়ে পরছে। পানি বাড়ছে, খাবার-পানি কিছুই নেই। প্লিজ, নৌকা বা রেসকিউ টিম পাঠান! আমরা আর কতক্ষণ টিকবো জানি না। 

লোকেশন: চিলমারী উপজেলা, পশ্চিম বড়াইবাড়ি। ফোন: ০১৮৭৮৩৮৮৯৯৩",
"প্লিজ সাহায্য করুন! আমরা ধানমন্ডি বস্তিতে পানির মধ্যে আটকে আছি। বন্যার পানি বাড়িতে ঢুকে গেছে, বাচ্চারা আর বুড়ো মানুষ পানিতে ভাসছে। খাবার নেই, ওষুধ নেই। কেউ রেসকিউ টিম পাঠান, আমাদের বাঁচান! আমার ফোনের চার্জ শেষ হয়ে যাচ্ছে, ",
"ভোলায় সাইক্লোনের পর আমাদের গ্রামে কিছুই নেই। ঘর ভেঙে গেছে, খাবার শেষ। আমরা ২০ জন মানুষ একটা ভাঙা স্কুলে আশ্রয় নিয়েছি। বাচ্চারা না খেয়ে কাঁদছে। প্লিজ, খাবার আর ত্রাণ পাঠান! রেসকিউ টিমও দরকার। লোকেশন: ভোলা সদর, দক্ষিণ চরপাড়া। তাড়াতাড়ি করুন",
"আমাদের বাড়ি ভেসে গেছে। আমরা গাছে উপর অবস্থান করছি এবং খুব ক্ষুধার্ত, কোনো সাহায্যও পাইনি। খুবই দ্রুত খাবার এবং আশ্রয় দরকার না হলে আমরা মরে যাবো। 
শ্রীপুর বাজার, বরিশাল। ",
". কুড়িগ্রামের চিলমারীতে বন্যায় আমাদের গ্রাম ডুবে গেছে! আমার বুড়ো বাবা-মা আর তিনটা বাচ্চা ছাদে আটকে আছে। তার মধ্যে একজন অসুস্থ হয়ে পরছে। পানি বাড়ছে, খাবার-পানি কিছুই নেই। প্লিজ, নৌকা বা রেসকিউ টিম পাঠান! আমরা আর কতক্ষণ টিকবো জানি না। 

লোকেশন: চিলমারী উপজেলা, পশ্চিম বড়াইবাড়ি। ফোন: ০১৮৭৮৩৮৮৯৯৩",
"ফেনীতে আমরা ছাদে আটকে আছি, জল প্রথম তলায় উঠেছে। রান্না করার মতো কোনো ব্যবস্থা নেই। আমার মেয়ে জ্বরে ভুগছে, খাবার নেই। দ্রুত সাহায্য প্রয়োজন। ",
". কুড়িগ্রামের চিলমারীতে বন্যায় আমাদের গ্রাম ডুবে গেছে! আমার বুড়ো বাবা-মা আর তিনটা বাচ্চা ছাদে আটকে আছে। তার মধ্যে একজন অসুস্থ হয়ে পরছে। পানি বাড়ছে, খাবার-পানি কিছুই নেই। প্লিজ, নৌকা বা রেসকিউ টিম পাঠান! আমরা আর কতক্ষণ টিকবো জানি না। 

লোকেশন: চিলমারী উপজেলা, পশ্চিম বড়াইবাড়ি। ফোন: ০১৮৭৮৩৮৮৯৯৩",
". কুড়িগ্রামের চিলমারীতে বন্যায় আমাদের গ্রাম ডুবে গেছে! আমার বুড়ো বাবা-মা আর তিনটা বাচ্চা ছাদে আটকে আছে। তার মধ্যে একজন অসুস্থ হয়ে পরছে। পানি বাড়ছে, খাবার-পানি কিছুই নেই। প্লিজ, নৌকা বা রেসকিউ টিম পাঠান! আমরা আর কতক্ষণ টিকবো জানি না। 

লোকেশন: চিলমারী উপজেলা, পশ্চিম বড়াইবাড়ি। ফোন: ০১৮৭৮৩৮৮৯৯৩",
"সুনামগঞ্জে আমরা অস্থায়ী রাফ্টে আছি। চারদিকে পানিতে ঘেরা।আমার স্ত্রী ৪ মাস গর্ভবতী, চিকিৎসা সেবার দরকার। নৌকা এবং চিকিৎসা দল পাঠান! 

ফোন নম্বর: ০১৭৮৭৬৩৮৮২৭",
"সুনামগঞ্জে আমরা অস্থায়ী রাফ্টে আছি। চারদিকে পানিতে ঘেরা।আমার স্ত্রী ৪ মাস গর্ভবতী, চিকিৎসা সেবার দরকার। নৌকা এবং চিকিৎসা দল পাঠান! 

ফোন নম্বর: ০১৭৮৭৬৩৮৮২৭",
"বরগুনার আমতলীতে সাইক্লোনের সময় গাছ পড়ে আমার বড় ভাইয়ের পা ভেঙে গেছে ও কেটে গেছে। রক্ত বের হচ্ছে, কিন্তু কোনো ডাক্তার বা হাসপাতালে যাওয়ার উপায় নেই। অনেক রক্ত বের হচ্ছে। প্লিজ, মেডিকেল টিম বা হেলিকপ্টার পাঠান! আমার ভাইয়ের জীবন বিপদে।

 লোকেশন: আমতলী উপজেলা, চাওড়া গ্রাম। যোগাযোগ: ০১৯৩৭৩৭৩৯৯২",
"বরগুনার আমতলীতে সাইক্লোনের সময় গাছ পড়ে আমার বড় ভাইয়ের পা ভেঙে গেছে ও কেটে গেছে। রক্ত বের হচ্ছে, কিন্তু কোনো ডাক্তার বা হাসপাতালে যাওয়ার উপায় নেই। অনেক রক্ত বের হচ্ছে। প্লিজ, মেডিকেল টিম বা হেলিকপ্টার পাঠান! আমার ভাইয়ের জীবন বিপদে।

 লোকেশন: আমতলী উপজেলা, চাওড়া গ্রাম। যোগাযোগ: ০১৯৩৭৩৭৩৯৯২",
"সাতক্ষীরার শ্যামনগরে সাইক্লোনের পর আমার দাদী আর কাকা একটা ভাঙা ঘরে আটকে আছে। তারা বুড়ো, হাঁটতে পারে না। পানি ঢুকে যাচ্ছে, খাবার নেই। প্লিজ, রেসকিউ টিম পাঠান, তাদের বাঁচান! আমি দেশের বাহিরে আছি, কিছু করতে পারছি না। দয়া করে, প্রবাসী ভাইয়ের অনুরোধটা রাখুন। 

শ্যামনগর, কৈখালী গ্রাম। ফোন: ০১৫৩৮৭৩৮২৯৯",
"গাইবান্ধার সুন্দরগঞ্জে বন্যায় আমাদের গ্রাম ডুবে গেছে। আমার ছোট বোনের ডায়াবেটিস, ইনসুলিন শেষ। খাবারও নেই, সবাই না খেয়ে আছে। প্লিজ, মেডিকেল টিম আর খাবার পাঠান! কোনো নৌকা এইদিকে আসে নি এখনও। আমরা আর কতদিন বাঁচবো?

 লোকেশন: সুন্দরগঞ্জ, বেলকা গ্রাম। যোগাযোগ: ০১৭৩৮৩৬৬২৭৯",
"""খাগড়াছড়ির দীঘিনালায় পাহাড় ধসে আমার পরিবারের চারজন মাটির নিচে আটকে আছে। আমরা গ্রামের লোকজন মিলে খুঁড়ছি, কিন্তু যন্ত্রপাতি নেই। প্লিজ, রেসকিউ টিম আর যন্ত্র পাঠান! সময় নেই, তাড়াতাড়ি করুন। খুব দ্রুত না করনে মানুষ মারা যাবে। 

লোকেশন: দীঘিনালা, মধ্যপাড়া গ্রাম। ফোন: ০১৩৬৩৮৮৮৯২৮
",
"নোয়াখালীর হাতিয়ায় সাইক্লোনের পর আমাদের ঘরবাড়ি সব ভেসে গেছে। আমরা ৩০ জন একটা মসজিদে আশ্রয় নিয়েছি, কিন্তু খাবার আর পানি শেষ। সবচেয়ে উঁচু টিউবওয়েল থেকেও নোনা পানি বের হচ্ছে। বাচ্চারা আর বুড়োরা অসুস্থ হয়ে পড়ছে। প্লিজ, ত্রাণ আর রেসকিউ টিম পাঠান! লোকেশন: হাতিয়া, চরকিশোরী গ্রাম। ফোন: ০১৯৭৩৭২৮২৮৩",
"নোয়াখালীর হাতিয়ায় সাইক্লোনের পর একটা মসজিদে আশ্রয় নিয়েছি, কিন্তু খাবার আর পানি শেষ। সবচেয়ে উঁচু টিউবওয়েল থেকেও নোনা পানি বের হচ্ছে। বাচ্চারা আর বুড়োরা অসুস্থ হয়ে পড়ছে। প্লিজ, ত্রাণ আর রেসকিউ টিম পাঠান! লোকেশন: হাতিয়া, চরকিশোরী গ্রাম",
"চট্টগ্রামের হাটহাজারীতে পাহাড় ধসে আমাদের বাড়ি চাপা পড়েছে। আমার বাবা-মা ভিতরে আটকে আছেন, জীবিত কি না জানি না। দয়া করে ফায়ার সার্ভিস বা উদ্ধার দল পাঠান। আমরা কাঁদছি, সময় নেই। সাহায্য করুন। যোগাযোগ: ০১৯৯৩৭৭৩৯২৮

জরুরি সাহায্য প্রয়োজন। ",
আমরা কুতুবদিয়া দ্বীপের বাসিন্দা। জলোচ্ছ্বাসের কারণে আমাদের পুরো দ্বীপের পানি নোনা পানিতে পরিণত হয়েছে। খাবার পানি তেমন কোথাও নেই। অল্প কিছু শুষ্ক খাবার রয়েছে। খাবার ও পানির খুবই অভাব। দ্রুত ত্রাণ প্রয়োজন। আমরা ৫০০ জন মানুষ কুতুবদিয়া ওমেন কলেজ অবস্থান করছি। ,
"চট্টগ্রামের হাটহাজারীতে পাহাড় ধসে আমাদের বাড়ি চাপা পড়েছে। আমার বাবা-মা ভিতরে আটকে আছেন, জীবিত কি না জানি না। দয়া করে ফায়ার সার্ভিস বা উদ্ধার দল পাঠান। আমরা কাঁদছি, সময় নেই। সাহায্য করুন। যোগাযোগ: ০১৯৯৩৭৭৩৯২৮

জরুরি সাহায্য প্রয়োজন। ",
"জেলা: রাঙামাটি গ্রাম: বাঘাইছড়ি

আকস্মিক বন্যায় পানিতে আমাদের গ্রাম ডুবে গেছে। আমার ভাই আর দুই ছেলে-মেয়ে বাড়ির ভিতর আটকে আছে। পানি গলা পর্যন্ত উঠে গেছে! উদ্ধার টিম পাঠান, প্লিজ! খাবার, পানি কিছুই নেই। জরুরি সাহায্য চাই! 

যোগাযোগ: ০১৩৮৩৯০২৯০৩",
"

 কক্সবাজারের শরণার্থী শিবিরে বন্যা এসেছে। টেন্ট জলের নিচে, খাবার এবং পরিষ্কার পানির দরকার। শিশুরা অসুস্থ হয়ে পরছে, সর্বত্র অস্বস্তি। দ্রুত ঔষধ ও ত্রাণ প্রয়োজন। ",
"লোকেশন: ভোলার  চরফ্যাশন
ঘূর্ণিঝড়ে আমাদের গ্রামের সব ধ্বংস। বাড়িঘর উড়ে গেছে, আমার ছোট ভাইকে খুঁজে পাওয়া যাচ্ছে না। সবাই মিলে খুঁজছি তাও পাওয়া যায় নি। নৌকা আর উদ্ধার দল দরকার এখনই। আমরা হতাশ , প্লিজ সাহায্য করুন। ফোন: ০১৯৭৩৩৮২৮২০",
"কুড়িগ্রামের রাজারহাটে বন্যায় আমাদের গ্রাম ডুবে গেছে। ১৫টি পরিবার পানিতে আটকে, বাচ্চারা অসুস্থ। খাবার, বিশুদ্ধ পানি আর ওষুধ নেই। সরকার বা এনজিও, দয়া করে তাড়াতাড়ি সাহায্য পাঠান! আমরা মরে যাব। ফোন: 016XXXXXXXX।",
"পটুয়াখালীর কলাপাড়ায় সাইক্লোনের আঘাতে আমার ছেলে গুরুতর আহত। হাত ভেঙে গেছে, রক্ত বন্ধ হচ্ছে না। কাছের হাসপাতাল ডুবে গেছে। ডাক্তার আর ওষুধ জরুরি! কেউ আমাদের বাঁচান, প্লিজ! যোগাযোগ: এখনই সাহায্য চাই!",
"জামালপুরের ইসলামপুরে বন্যায় আমাদের গ্রাম তলিয়ে গেছে। আমার পরিবার ছাদে আটকে, পানি ক্রমশ বাড়ছে। খাবার, পানি আর নৌকা দরকার জরুরি। আমরা ভয়ে কাঁপছি, বাচ্চারা কাঁদছে। উদ্ধার করুন! । প্লিজ, তাড়াতাড়ি",
"বান্দরবানের রুমায় পাহাড় ধসে আমাদের পাড়া চাপা পড়েছে। আমার বোন আর ভাগ্নে ধ্বংসস্তূপের নিচে আটকে। কেউ জীবিত আছে কি না জানি না। উদ্ধার দল আর সরঞ্জাম পাঠান, প্লিজ! সময় খুব কম। ফোন: জরুরি সাহায্য!",
"সুনামগঞ্জের ধর্মপাশায় বন্যায় আমাদের গ্রাম পুরো ডুবে গেছে! আমরা ১৫ জন ছাদে আটকে আছি, পানি বাড়ছে। খাবার, পানি কিছুই নেই। বাচ্চারা ভয়ে কাঁদছে। দয়া করে নৌকা পাঠান, উদ্ধার করুন! জরুরি! ফোন:  প্লিজ, তাড়াতাড়ি সাহায্য চাই!",
"কুড়িগ্রামের উলিপুরে বন্যায় আমাদের গ্রাম তলিয়ে গেছে। আমরা ১০টি পরিবার ছাদে আশ্রয় নিয়েছি। তিন দিন ধরে খাবার নেই, পানি ফুরিয়ে গেছে। বাচ্চারা অসুস্থ। জরুরি খাবার আর পানি পাঠান! প্লিজ, বাঁচান! ",
"রাঙামাটির কাপ্তাইয়ে পাহাড় ধসে আমাদের বাড়ি চাপা পড়েছে।  ধ্বংসস্তূপের নিচে আটকে। জীবিত কি না জানি না। ফায়ার সার্ভিস বা উদ্ধার দল পাঠান, প্লিজ! সময় নেই। সাহায্য চাই! জরুরি!",
সাতক্ষীরার শ্যামনগরে সাইক্লোনের ঝড়ে আমাদের গ্রাম ধ্বংস। আমার দুই ছোট ছেলে পানিতে ভেসে গেছে। তাদের উদ্ধার করতে পারছি না। নৌকা আর উদ্ধার দল দরকার এখনই! আমরা হতাশ। সাহায্য করুন!  জরুরি!,
". কক্সবাজারের উখিয়ায় পাহাড় ধসে আমাদের পাড়া চাপা পড়েছে। আমার বোন আর ভাগ্নি ধ্বংসস্তূপের নিচে। কেউ বাঁচে কি না জানি না। উদ্ধার দল পাঠান, প্লিজ! সময় খুব কম। জরুরি সাহায্য চাই",
"খুলনার দাকোপে সাইক্লোনের আঘাতে আমার ভাই গুরুতর আহত। পা ভেঙে গেছে, রক্ত বন্ধ হচ্ছে না। হাসপাতাল ডুবে গেছে। ডাক্তার আর ওষুধ জরুরি! কেউ বাঁচান, প্লিজ! ফোন: 017XXXXXXXX। এখনই সাহায্য চাই!",
"খুলনার দাকোপে সাইক্লোনের আঘাতে আমার ভাই গুরুতর আহত। পা ভেঙে গেছে, রক্ত বন্ধ হচ্ছে না। হাসপাতাল ডুবে গেছে। ডাক্তার আর ওষুধ জরুরি! কেউ বাঁচান, প্লিজ! ফোন: 017XXXXXXXX। এখনই সাহায্য চাই!",
". সিলেটের জৈন্তাপুরে ভূমিকম্পে আমাদের বাড়ি ভেঙে পড়েছে। আমার মা আর বোন ধ্বংসস্তূপে আটকে। জীবিত কি না জানি না। উদ্ধার দল পাঠান, প্লিজ! সময় নেই। ফোন: 016XXXXXXXX। জরুরি সাহায্য দরকার",
"নেত্রকোণার কলমাকান্দায় বন্যায় আমাদের গ্রাম তলিয়ে গেছে। আমরা ১২টি পরিবার ছাদে আশ্রয় নিয়েছি। খাবার আর পানি ফুরিয়ে গেছে। বাচ্চারা অসুস্থ। জরুরি ত্রাণ পাঠান! প্লিজ, বাঁচান! ",
"গাইবান্ধার ফুলছড়িতে বন্যায় আমাদের এলাকা ডুবে গেছে। আমার দাদা হৃদরোগী, ওষুধ ফুরিয়ে গেছে। পানিতে হাসপাতালে যেতে পারছি না। জরুরি ওষুধ আর ডাক্তার দরকার! প্লিজ, সাহায্য করুন। ",
"বগুড়ার সারিয়াকান্দিতে বন্যায় আমাদের এলাকা ডুবে গেছে। আমার বাবা ডায়াবেটিসের রোগী, ইনসুলিন শেষ। হাসপাতালে যেতে পারছি না। জরুরি ওষুধ আর ডাক্তার দরকার! সাহায্য করুন। ",
"মানিকগঞ্জের হরিরামপুরে বন্যায় আমাদের গ্রাম তলিয়ে গেছে। ১৮টি পরিবার ছাদে আটকে। পানি বাড়ছে, খাবার নেই। বাচ্চারা কাঁদছে। নৌকা আর ত্রাণ জরুরি! সাহায্য করুন! ফোন: 019XXXXXXXX। প্লিজ, তাড়াতাড়ি",
"শেরপুরের নকলায় বন্যায় আমাদের গ্রাম ডুবে গেছে। আমার দাদা ছাদে আটকে, পানি গলা পর্যন্ত। তিনি হাঁটতে পারেন না। নৌকা আর উদ্ধার দল দরকার! প্লিজ, সাহায্য করুন। ফোন: । জরুরি!",
"ঢাকার মিরপুরে ভূমিকম্পে আমাদের ফ্ল্যাট ভেঙে পড়েছে। আমার পরিবার ধ্বংসস্তূপে আটকে। জীবিত কি না জানি না। ফায়ার সার্ভিস পাঠান, প্লিজ! সময় নেই। জরুরি সাহায্য চাই!",
"চট্টগ্রামের সীতাকুণ্ডে ভূমিকম্পে আমাদের বাড়ি ভেঙে পড়েছে। আমার পরিবার ধ্বংসস্তূপে আটকে। জীবিত কি না জানি না। ফায়ার সার্ভিস পাঠান, প্লিজ! সময় নেই। ফোন: জরুরি সাহায্য চাই",
"ঝালকাঠির নলছিটিতে সাইক্লোনের তাণ্ডবে আমাদের গ্রাম ধ্বংস। আমরা পানিতে আটকে, নৌকা নেই। আমার ছোট বোন ভেসে গেছে। উদ্ধার দল পাঠান, প্লিজ! আমরা হতাশ। ফোন: জরুরি সাহায্য",
"ময়মনসিংহের গৌরীপুরে বন্যায় আমাদের এলাকা ডুবে গেছে। আমার মা হাঁপানির রোগী, ইনহেলার শেষ। হাসপাতালে যেতে পারছি না। জরুরি ওষুধ আর ডাক্তার দরকার! সাহায্য করুন। ",
"নওগাঁর মান্দায় বন্যায় আমাদের গ্রাম ডুবে গেছে। আমার দাদী ছাদে আটকে, পানি গলা পর্যন্ত। তিনি হাঁটতে পারেন না। নৌকা আর উদ্ধার দল দরকার! প্লিজ, সাহায্য করুন। ফোন:  জরুরি!",
"পাবনার সুজানগরে বন্যায় আমাদের গ্রাম তলিয়ে গেছে। ১৫টি পরিবার ছাদে আটকে। পানি বাড়ছে, খাবার নেই। বাচ্চারা কাঁদছে। নৌকা আর ত্রাণ জরুরি! সাহায্য করুন! ফোন: 019XXXXXXXX। প্লিজ, তাড়াতাড়ি!",
"হবিগঞ্জের চুনারুঘাটে বন্যায় আমাদের গ্রাম তলিয়ে গেছে। আমরা ১০টি পরিবার ছাদে আশ্রয় নিয়েছি। খাবার আর পানি ফুরিয়ে গেছে। বাচ্চারা অসুস্থ। জরুরি ত্রাণ পাঠান! প্লিজ, বাঁচান",
". কিশোরগঞ্জের হোসেনপুরে বন্যায় আমাদের গ্রাম তলিয়ে গেছে। আমরা ১২টি পরিবার ছাদে আশ্রয় নিয়েছি। খাবার আর পানি ফুরিয়ে গেছে। বাচ্চারা অসুস্থ। জরুরি ত্রাণ পাঠান! প্লিজ, বাঁচান! ফোন: ",
"নোয়াখালীর হাতিয়ায় সাইক্লোনের তাণ্ডবে আমাদের গ্রাম ধ্বংস। আমরা পানিতে আটকে, নৌকা নেই। আমার ছোট ভাই ভেসে গেছে। উদ্ধার দ12টি পরিবার ধ্বংসস্তূপে আটকে। জীবিত কি না জানি না। উদ্ধার দল পাঠান, প্লিজ! সময় খুব কম। ",
". দিনাজপুরের বিরামপুরে বন্যায় আমাদের এলাকা ডুবে গেছে। আমার মা হৃদরোগী, ওষুধ ফুরিয়ে গেছে। পানিতে হাসপাতালে যেতে পারছি না। জরুরি ওষুধ আর ডাক্তার দরকার! সাহায্য করুন। ফোন: ",
". দিনাজপুরের বিরামপুরে বন্যায় আমাদের এলাকা ডুবে গেছে। আমার মা হৃদরোগী, ওষুধ ফুরিয়ে গেছে। পানিতে হাসপাতালে যেতে পারছি না। জরুরি ওষুধ আর ডাক্তার দরকার! সাহায্য করুন। ফোন: ",
". চাঁদপুরের হাইমচরে সাইক্লোনের তাণ্ডবে আমাদের গ্রাম ধ্বংস। আমরা পানিতে আটকে, নৌকা নেই। আমার ছোট ভাই ভেসে গেছে। উদ্ধার দল পাঠান, প্লিজ! ",
"নরসিংদীর রায়পুরায় বন্যায় আমাদের গ্রাম তলিয়ে গেছে। ১৫টি পরিবার ছাদে আটকে। পানি বাড়ছে, খাবার নেই। বাচ্চারা কাঁদছে। নৌকা আর ত্রাণ জরুরি! সাহায্য করুন! ফোন: । প্লিজ, তাড়াতাড়ি
",
"যশোরের ঝিকরগাছায় বন্যায় আমাদের এলাকা ডুবে গেছে। আমার মা হাঁপানির রোগী, ইনহেলার শেষ। হাসপাতালে যেতে পারছি না। জরুরি ওষুধ আর ডাক্তার দরকার! সাহায্য করুন। ফোন: ",
"মাগুরার শালিখায় বন্যায় আমাদের গ্রাম তলিয়ে গেছে। আমরা ১০টি পরিবার ছাদে আশ্রয় নিয়েছি। খাবার আর পানি ফুরিয়ে গেছে। বাচ্চারা অসুস্থ। জরুরি ত্রাণ পাঠান! প্লিজ, বাঁচান! ফোন: ",
"সাতক্ষীরার কলারোয়ায় বন্যায় আমাদের গ্রাম তলিয়ে গেছে। ১৫টি পরিবার ছাদে আটকে। পানি বাড়ছে, খাবার নেই। বাচ্চারা কাঁদছে। নৌকা আর ত্রাণ জরুরি! সাহায্য করুন! ফোন:  প্লিজ, তাড়াতাড়ি",
"সিরাজগঞ্জের বেলকুচিতে বন্যায় আমাদের গ্রাম পানিতে তলিয়ে। ২০টি পরিবার ছাদে আটকে, পানি বাড়ছে। খাবার নেই। বাচ্চারা কাঁদছে। নৌকা আর ত্রাণ দরকার জরুরি! সাহায্য করুন",
"সিরাজগঞ্জের বেলকুচিতে বন্যায় আমাদের গ্রাম পানিতে তলিয়ে। ২০টি পরিবার ছাদে আটকে, পানি বাড়ছে। খাবার নেই। বাচ্চারা কাঁদছে। নৌকা আর ত্রাণ দরকার জরুরি! সাহায্য করুন",
"ঘূর্ণিঝড়, কক্সবাজারের মহেশখালী উপজেলা
কক্সবাজারের মহেশখালী উপজেলার কুতুবদিয়া গ্রামে ঘূর্ণিঝড়ে আমাদের এলাকা ধ্বংস। আমার বাবা গাছ পড়ে আহত, মাথায় রক্তপাত। হাসপাতালে যাওয়ার রাস্তা নেই। ডাক্তার, ওষুধ জরুরি! আমরা ভয়ে কাঁপছি। প্লিজ, তাড়াতাড়ি সাহায্য পাঠান। ",
". বন্যা, কুড়িগ্রামের চিলমারী উপজেলা
কুড়িগ্রামের চিলমারী উপজেলার রমনা গ্রামে বন্যায় আমাদের এলাকা তলিয়ে গেছে। আমরা ১২টি পরিবার ছাদে আশ্রয় নিয়েছি। চার দিন ধরে খাবার নেই, পানি ফুরিয়েছে। বাচ্চারা অসুস্থ। ত্রাণ, বিশুদ্ধ পানি জরুরি! প্লিজ, তাড়াতাড়ি সাহায্য করুন। ",
"বন্যা, গাইবান্ধার সুন্দরগঞ্জ উপজেলা
গাইবান্ধার সুন্দরগঞ্জ উপজেলার কাচিয়া গ্রামে বন্যায় আমাদের গ্রাম ডুবে গেছে। আমার দাদা হৃদরোগী, ওষুধ ফুরিয়ে গেছে। পানিতে হাসপাতালে যেতে পারছি না। তার অবস্থা খারাপ। ডাক্তার, ওষুধ জরুরি! প্লিজ, সাহায্য করুন।",
"বন্যা, জামালপুরের মেলান্দহ উপজেলা
জামালপুরের মেলান্দহ উপজেলার মাহমুদপুর গ্রামে বন্যায় আমাদের গ্রাম ডুবে গেছে। আমার দুই বাচ্চা বাড়ির ভেতর আটকে, পানি গলা পর্যন্ত। আমরা বের করতে পারছি না। নৌকা আর উদ্ধার দল পাঠান! ",
"বন্যা, নেত্রকোণার খালিয়াজুরী উপজেলা
নেত্রকোণার খালিয়াজুরী উপজেলার চন্দ্রপুর গ্রামে বন্যায় আমাদের গ্রাম তলিয়ে গেছে। আমরা ১৫টি পরিবার ছাদে আশ্রয় নিয়েছি। পাঁচ দিন ধরে খাবার নেই, পানি শেষ। বাচ্চারা ক্ষুধায় কাঁদছে। ত্রাণ, পানি জরুরি! ",
"ঘূর্ণিঝড়, বাগেরহাটের শরণখোলা উপজেলা
বাগেরহাটের শরণখোলা উপজেলার ধানসাগর গ্রামে ঘূর্ণিঝড়ে আমার ভাই গুরুতর আহত। পায়ে চোট, রক্ত বন্ধ হচ্ছে না। হাসপাতালে যাওয়ার রাস্তা নেই। ডাক্তার, ওষুধ জরুরি! আমরা হতাশ। প্লিজ, সাহায্য পাঠান।",
"বরিশালের মেহেন্দিগঞ্জ উপজেলার উলানিয়া গ্রামে ঘূর্ণিঝড়ে আমাদের গ্রাম ধ্বংস। আমার ভাই পানিতে হারিয়ে গেছে। আমরা তাকে খুঁজে পাচ্ছি না। নৌকা, উদ্ধার দল জরুরি! আমরা ভেঙে পড়েছি। প্লিজ, আমার ভাইকে বাঁচান। ",
"বরিশালের মেহেন্দিগঞ্জ উপজেলার উলানিয়া গ্রামে ঘূর্ণিঝড়ে আমাদের গ্রাম ধ্বংস। আমার ভাই পানিতে হারিয়ে গেছে। আমরা তাকে খুঁজে পাচ্ছি না। নৌকা, উদ্ধার দল জরুরি! আমরা ভেঙে পড়েছি। প্লিজ, আমার ভাইকে বাঁচান। ",
"বন্যা, বাগেরহাটের মোল্লাহাট উপজেলা
বাগেরহাটের মোল্লাহাট উপজেলার গাংনী গ্রামে বন্যায় আমাদের গ্রাম ডুবে গেছে। আমার দাদা জ্বরে কাতরাচ্ছেন। ওষুধ, খাবার, পানি নেই। আমরা ছাদে আটকে। ত্রাণ, ডাক্তার জরুরি! প্লিজ, তাড়াতাড়ি সাহায্য করুন। ",
