Column1,Column2
Text,Label
"????? ????? ??????? ??? ????? ????? ????? ???????????! ?????? ?? ??? ?? ??? ????? ???? ???? ????? ????? ???????? ?????????? ?????? ???? ????? ????? ?? ????? ??? ?? ???? ??? ?????? ???? ?????? ????? ????? ????? ????

?? ??? ??? ??????????? ??????? ???? ????? ??????? ?? ???? ???? ??????, ???????????? ??? ???? ? ??? ?? ??????? ?????? ?? ???? ??????? ????????????? ??? ???????? ??? ????????!

#davidwarner #BigBashLeague #BBL #CricketTimeMagazine",not relevant
"?? ?????? ? ??? ???? ???, ?????????? ??????, ??????? ?????, ??? ???????? ?????? ?? ???? ?????? ???? ???? ??????? ??? ??? ??????? ??????? ???? ???????

?????? ???? ??????? ???????? ???? ?????? ????-???? ?????? ???? ?????, ??? ???? ????? ?? ????????? ???, ????????? ?????, ???? ????????, ???????

??????? ?????? ??????? ?????????

#BPLT20 #Bpl2025 #TaskinAhmed #CricketTimeMagazine",not relevant
"*?? ????? ???? ???? ?????? ???? ????? ???????:

?????????????-????: ??? ?????
????? ?????? ???? ?????? ? ????? ??????? ?? ????

?????????-?????????: ??? ????? 
????? ?????? ???? ?????? ?? ????? ??????? ?? ???? 

????????-???: ?? ????? 
????? ?????? ???? ?????? ??  ????? ??????? ?? ????

(???????? ??? ??????? ???????)

#StuartBroad #JamesAnderson #ChamindaVaas #MuttiahMuralitharan #GlennMcGrath #ShaneWarne #birthday #happybirthday #worldrecord #CricketTimeMagazine",not relevant
"???????? ????? ???????? ??????? ???? ???? ???? ???? ?????????? ????? ?????? ???????????? ???????? ?? ??? ??? ???? ????? ?? ???? ??? ???????? ??? ????? ???????

(???????? ??? ??????? ???????)

#ChamindaVaas #ShahidAfridi #GlennMcGrath #Birthday #CricketTimeMagazine",not relevant
"??? ??????????? ?????? ?? ??? ?????? ? ?????! ??? ????? ???? ??????????? ???????? ???????? ????? ?????? ?????? ?????? ????? ???? ????? ? ????? ? ???????? ???????? ????? ?????? ????? ????? ???????? ???!

????? ????? ???? ????? ?? ?????? ?????????????? ??; ????? ????? ????? ????????? ??????? ??????? ????? ???????? ????? ???? ??? ??????? ???? ?? ?????? ???? ????? ???? ???? ????????? ????? ???????????

??????????? ???? ??????? ?????? ???? ?? ??? ???? ?????? ???? ????? ??? ????? ???? ??? ????? ??? ????????? ????????????? ???? ?????? ???? ???????? ?????? ??? ?? ?????? ??? ????? ??????????????? ????? ????? ???? ?? ??????? ????? ????? ?????????

???????? ??????????? ?????? ?????? ??? ??? ????? ??????? ???? ????? ??????? ????? ???? ???? ???? ?? ???? ?????????? ??? ???????? ??? ???????? ????? ???????? ???? ??????? ???? ????? ???????????? ??? ?????? ????? ????????? ????? ? ????? ????? ???? ????? ?? ‘??????-???’ ????? ????? ???? ????? ?? ?????? ????? ?????? ??? ??? ??????

??? ??????? ????? ??????? ??????? ???? ????? ????? ?? ???? ? ????? ???????? ????? ????? ???? ??? ??, ??????? ???????? ????? ? ??????? ????? ?????? ??????? ????? ? ???? ?????????? ??? ?????? ????

 ???? ???? ??????????? ????????? ???? ????? ???????? ??? ??????? ???? ????? ??????? ????? ?????? ??? ??? ??????? ?????? ??????, ???????? ? ????????????? ????? ????

?????? ??????? ???????? ????????? ???? ????? ????? ? ????? ??????? ???????? ????? ????????? ????????! ??

#ChamindaVaas #HappyBirthday #Birthday #CricketTimeMagazine",not relevant
"????? ????? ?????????? ??? ??? ???????? ?? ????? ????????? ??????, ???? ??????? ??????????? ?? ??? ???? ???-????? ????? ????? ????! ???? ???? ????? ?????????? ??? ?????????? ??????? ???? ?? ?????? ????????

?? ?? ??? ?? ?? ????? ???? ???? ???? ???? ???? ????? ????? ???????? ??????? ??????? ??????????? ???????? ??? ????? ??????????? ?????!

#MitchellOwen #BBL #BigBashLeague #CricketTimeMagazine",not relevant
"?? ???, ?????? ????? ? ???????? ????????? ????? ???? ???? ????? ?????? ???????? ????? ????????? ????????? ???? ???????? ??????!

???? ???? ?????? ?? ???? ???????????? ???? ???? ??? ??????? ? ??? ???? ?? ?????? ??? ?? ????? ????? ??????, ?? ???? ????? ????? ???????? ???????? ????? ??????? ??????? ?????? ?????? ???????? ??? ? ????? ????????? ????? ??.?? ????

#jaspritbumrah #ICCAwards #testcricket #CricketTimeMagazine",not relevant
"?????????? ?? ??? ????? ????? ????? ??????? ?????????? ?? ??? ? ??? ??????? ?????? ??????????? ??? ?????? ????? 

?? ???? ???? ??????? ????? ??????????? ????? ????????? ??????? ??? ????? ??????? ????? ???? ???? ?????? ????? ??????? ???????? ?????????? ?? ??? ?????? ???? ???? ????????????

#MitchellOwen #BigBashLeague #BBL #t20cricket #CricketTimeMagazine",not relevant
"??????? ????? ????????? ??????? ??????? ????? ???? ???? ???????? ???? ????? ??????? ??????????? ????? ??????

????? ?? ??? ?? ????? ? ? ????? ????????  ????? ???? ??? ???? ??? ???????? ???.?? ????

#MitchellOwen #BigBashLeague #BBL #t20cricket #CricketTimeMagazine",not relevant
"??? ???? ????? ??? ????? ??????:

?. ????? ?? ?????: ??? ????? (????????)
?. ?????????? ????????:  ??? ????? (????????????)
?. ???????? ??????: ??? ????? (????????)

(?????????? ???????? ??????? ???????)

#ShakibAlHasan  #DanielVettori #RavindraJadeja #Birthday #CricketTimeMagazine",not relevant
"?????????? ?? ??????????? ??????? ???????? ???????? ????????? ????????? ???? ????????????? ??? ????????!

???? ???? ?????????? ?????? ???? ????? ????? ???? ??.?? ??? ?????? ??? ???, ?? ???? ??.?? ??? ???????? ?? ?????!

#AzmatullahOmarzai #ICCAwards #odicricket #CricketTimeMagazine",not relevant
"??????????? ???????... ??

?? ??? ???? ????? ????-?????? ?? ?? ???? ?????? ????? ?? ?? ??? ??????? ?????

#Nostalgia #Cricket #CricketTimeMagazine",not relevant
"???? ??-?? ????????? ??????????? ??? ????????, ?? ?? ????????? ?? ???? ????????? ???? ????? ????? ??????? ???? ???? ????????? ?????? ???? ? ??? ????? ????????? ????? ??? ?????? ???????? ??? ?? ????? ????? ???????? ???? ??-?? ????????? ???? ????? ?? ?????, ?? ? ????????? ??????? ???????? ????? ??????? ???????

?????? ???? ???? ???? ?????? ??? ??? ???? ??-???? ??????? ??????? ?? ?????, ?? ??? ????? ?????? ??? ?.?? ????

#ArshdeepSingh #ICCAwards #t20cricket #CricketTimeMagazine",not relevant
"? ????? ???? ? ??? ?????? ???????? ??????????? ??????????? ‘????? ??????? ?????’ ???? ???????? ????????? ???????? ????? ?????????? ????? ??????? ??????????!

#RichardIllingworth #ICCAwards #CricketTimeMagazine",not relevant
"??????????? ???? ?? ??? ?? ????? ????? ???? ????? ?????? ?????? ??????!

??????? ??????? ??????? ?????? ??????? ????? ??????????????? ????? ??????????? ???????? ???? ????? ????? ? ?????? ??????? ?????? ????????? ?????? ????????????? ??? ????????? ?? ????? ?????? ?????????? ???????? ??????????? ??? ????? ??????? ?????? ?? ?????????? ???????????? ???? ???????? ??????????????

?? ??????? ??? ???? ????? ????? ??????? ???????? ????? ?? ? ?????? ??????? ??????????? ????? ??? ??? ???? ???????? ??????????? ?? ?? ???????????? ???? ????, ?? ???? ?? ????? ?????? ?????? ???? ?????, ??? ?? ??????? ?? ??? ?????? ????? ??? ????!

?? ????? ???? ???? ???? ????? ?? ?? ???? ??????????? ???? ????? ????? ????? ?????????????!

#PAKvWI #WIvPAK #testcricket #CricketTimeMagazine",not relevant
"????? ???? ????? ??????? ????? ????? ?????????????? ?????????? ????? ????????? ?????? ?? ??? ?? ??? ????? ?????? ??? ?? ?????????? ???? ???? ???????? ?????????? ???????????? ??? ??? ????????? ???????? ??????? ??????? ??????? ???? ??????????? ????? ?? ???? ?? ???????????

???????? ????? ??? ????? ????? ???????, ?? ????? ?? ??????? ?????? ???? ??? ????? ?????? ??? ?? ?????? ?????????? ????? ??????, ??? ????????? ????? ???? ????????? ?????? ?????????????? ???? ??? ???????? ??????? ????? ????, ??? ???? ??????????? ???????? ?? ??????? ??????? ?????????????? ??? ???????? ??????? ?????? ?????

???? ? ??? ??????? “??????? ?? ??? ????” ?????????? ?????????? ????????? ??????? ?? ??????? ?????? ????????????? ???, ????? ???? ??? ??? ????? ?? ????????? ??? ???????????? ????? ???? ????? ??? ??!

???? ????????? ????????? ????????? ?????????? ????????? ????????? ??

#DanielVettori #happybirthday #birthday #CricketTimeMagazine",not relevant
"????? ???? ????????? ?????? ??????? ???????? ?? ??????? ?????????? ???????? ??????? ????????????? ?????????? ???? ???????????? ????? ??????? ???????? ?????? ????? ??? ??????????? ?????? ??? ????????? ???????

?????? ???? ?? ???????? ?? ???????? ?????? ??????????? ????? ????? ?????? ??? ?????? ???????????? ????? ?????? ????? ?????? ?????? ???? ????? ????? ?? ??????? ???? ????????? ?????? ????? ?????????? ??? ?????, ??????? ??? ?????? ???????????? ???? ???? ?????? ??? ???? ??????? ??????? ??????????????

?????? ???????? ?????, ?????? ???? ????? ???? ???? ????? ?????? ???? ????????? ???? ????? ??? ??????? ?? ????? ??? ???? ???? ????, ???? ???? ????? ??? ??????? ?? ??????? ?? ????????????? ???? ????????????? ?????????? ???? ??? ?? ???? ?????????????

(?????? ????? ????????)

#Bpl2025 #BPLT20 #durbarrajshahi #CricketTimeMagazine",not relevant
"???? ???? ??????? ???????? ???????? ????????? ????????? ???? ?????????? ???????? ???????! 

???? ????? ???????? ?? ??? ?????? ????????? ????? ???????? ???? ?? ???????? ? ?????? ??? ?????? ???? ?? ?????? ???????? ?? ???????? ?????? ?????

???? ???? ???????? ??????? ? ?????? ??????? ??? ?????? ?? ?????????? ?????? ???? ???, ?? ???? ???? ?????????? ???? ?????? ???????? ??? ???? ??????? ????? ?? ???????? ???, ? ???????? ?????? ????

#KaminduMendis #ICCAwards #CricketTimeMagazine",not relevant
"*?????? ?? ???? ???????? ?????: 

?. ?????? ?????: ?? ????? (????-??)
?. ????? ?? ?????: ?? ????? (????-??)
?. ???? ?????: ?? ????? (????-??)
?. ?????? ?????: ?? ????? (????-??)
?. ?????? ?????: ?? ????? (????-??)
?. ????? ?? ?????: ?? ????? (????-??)
?. ??????? ??? ?????????: ?? ????? (????-??)
?. ????? ?????: ?? ????? (????-??)

#BPLT20 #BPL2025 #TaskinAhmed #ShakibAlHasan #CricketTimeMagazine #?????? #????? #??????",not relevant
"????? ???? ???????? ???????? ???? ??????!?

-??????? ??????? ????? ???? ??????

???? ????? ???? ????? ???????? ??????, ??????? ?? ??? ??????? ????? ???? ???? ?????? ???????? ????? ???????? ????, ???? ???? ???????? ????????? ????? ??? 

?? ???? ????? ??????????? ??????? ???? ?????? ???? ???? ?? ??? ?????????? ????? ????? ???, ???? ????? ??? ?????? ???? ?? ????? ????? ??????? ??? ??????????? ????? ???????? ???? ???? ?? ????? ??????? ????? ???? ??? ?? ??? ??? ??? ?? ??? ???? ??????????

??????? ??????? ??????? ?????? ?????? ????? ??? ??????? ???? ????????????? ? ????? ????? ?????? ???, ????? ?? ?? ???? ??????? ??? ????????????? ??????? ???? ????? ??????? ???? ???

?? ???? ?? ????????? ????, ????? ???? ??????????? ??????? ???? ???? ???? ??? ???? ??????? ???????? ???? ???! ?????? ???? ?????? ?????????? ??? ???? ???? ???? ???? ???? ?????? ?????? ?? ????? ??? ???????????? ????, ??? ???????????? ??????? ? ??????? ???? ?????? ??????? ???? ????????????? ??????? ??????? ??? ???, ???? ??? ??? ???????? ?? ???? ?????????

????? ???? ???? ?????? ??????? ???? ???? ???? ?? ???????? ??????? ??? ???? ????! ?????? ?????? ????? ??? ???????? ????????????? ???????? ????????????, ?????? ? ??????????? ????!

#Bpl2025 #BPL #BPLT20 #CricketTimeMagazine",not relevant
"???? ??? ???? ??? ???? ???? ?? ??... ??

??????? ?? ????? ?????! ?????

#Bpl2025 #BPLT20 #CricketTimeMagazine",not relevant
"????????? ???? ???????? ???? ? ??? ???????!

????? ??? ??????????? ????? ??????? ?????? ?????????? ??? ???? ?????? ???? ???????

#testcricket #RanganaHerath #NomanAli #hattrick #CricketTimeMagazine",not relevant
"? ??? ?? ??? ??????? ??????? ???? ????? ???????? ?? ??? ???? ??????? ??? ????? ?????? ????? ????? ??????? ????? ?????????, ?? ????? ???? ???????????? ???????, ???? ?? ????? ???? ??????? ???? ???????

???? ????? ?? ?? ?????? ???? ?????? ??????? ?????? ?? ??? ?????? ????? ????? ????? ???????????? ???? ???? ????? ????? ????? ????? ???? ???????????? ???? ????? ????? ????

????? ????????????? ???? ???? ??????? ????? ????? ????? ????????, ?? ???? ???????? ???? ????????????? ???? ??????????? ????? ????? ???? ???? ????? ????????? ???? ???? ??????? ???????? ????? ????? ?? ????? ????? ??????? ??? ????? ??? ???????? ??????????

???????? ???????? ???? ????? ?:?? ?????? ??????? ??????????? ??????? ???? ????? ??????????? ????? ???????? ??? ?????? ???? ??????????? ??? ????, ????? ??????? ??? ?????? ????????? ??????????? ??? ??? ????? ????

#davidwarner #BigBashLeague #BBL2025 #BBLT20 #CricketTimeMagazine",not relevant
"??? ??????????? ?????? ?? ??? ?????? ? ?????! ??? ????? ???? ??????????? ???????? ???????? ????? ?????? ?????? ?????? ????? ???? ????? ? ????? ? ???????? ???????? ????? ?????? ????? ????? ????! ????? ??????? ??????? ???? ????? ??????? ????????? ??? ????!

????? ????? ???? ????? ?? ?????? ?????????????? ??; ????? ????? ????? ????????? ??????? ??????? ????? ???????? ????! ???? ??? ??????? ???? ?? ?????? ???? ????? ???? ???? ????????? ????? ???????????

???? ?? ????? ???? ?? ????????? ????? ??????? ??? 

#CricketTimeMagazine",not relevant
"? ??????? ??-?? ?????? ?-? ??  ?????? ??? ???????????????????? ???? ? ?????? ????????? ?? ?????? ????? ????? ???? ??? ????? ????? ?????? ??? ????? ???????????? ??????? ????? ?????? ??? ????? ?? ?????? ?????? ??? ???????? ???? ??????, ??? ???????? ?????? ?????????? ?????? ????? ???? ????? ?????, ??? ??????? ?? ???? ??????

??? ? ??????? ?????-?? ???? ??? ?????? ????????? ??????? ??? ??????? ????? ????? ?????, ?? ????????????? ???????? ?????? ?????? ???????? ????? ??? ??????? ???? ??????? ????????? ??* ????? ??????? ?????? ?? ??? ????? ??? ??? ????????? 

?????? ????? ???? ????? ??? ??????????? ?????? ??? ????? ? ??????? ?????? ?????? ????? ??? ????? ??? ???? ?????????

#INDvsENG #ENGvsIND #t20cricket #T20 #CricketTimeMagazine",not relevant
"???????? ????? ???? ???? ??????????? ??? ???? ??????????? ??????? ?????? ??-?? ???????? ????????? ???? ???????? ???, ????? ???? ???????? ????????

#IftikharAhmed #Bpl2025 #BPLT20 #CricketTimeMagazine",not relevant
"*??-?? ???????? ???????? ????? ?????:

?. ????? ????: ????? ??? (??? ?????) ???
?. ?????? ?????: ????? ??? (??? ?????) ????
?. ????? ???????: ????? ??? (??? ?????) ???
?. ????????? ????: ????? ??? (??? ?????) ??????????????
?. ????? ?????: ????? ??? ((??? ?????) ????
?. ????? ?????????: ????? ??? (??? ?????) ????
?. ?? ??????: ????? ??? (??? ?????) ??????????????
?. ????? ?????: ????? ??? (??? ?????) ????

??-?? ???????? ?? ????? ????? ??????? ?????? ??? ?????????????? ????? ??? ???????? ???????? ??? ?? ????????, ??? ???????? ??? ???????? ???.?? ???? ?? ???????? ???.?? ???????? ??? ????? ?????????!

#JosButtler #ChrisGayle #ShoaibMalik #viratkohli #t20cricket #T20 #CricketTimeMagazine #??????",not relevant
"????????????? ????????? ??????????? ????? ???? ????????????? ??????? ???? ????? ??? ? ??????????????!

?????? ??? ??????????? ???? ??? ?????? ????????????? ??????? ?????????? ????? ???????????, ????, ???????????? ? ?????????! 

??????????? ???? ???? ???????????? ???? ????? ????? ?????? ?? ??????????? ?????! 

??? ?????? ????? ?? ????? ???? ???????? ????? ????? ? ??, ?????? ????? ?? ????? ????? ? ???? ?????????????? ?????? ???? ???????!

#ChampionsTrophy2025 #CricketTimeMagazine",not relevant
"??????? ??????? ????????? ????? ?????????? ????? ????????? ??? ??? ??? ???????? ????????? ????? ??? ?????? ????? ????? ??? ???? ??? ??????? ??????? ?????? ??? ????? ??????????!

(???????? ?????? ??????? ???????)

#RahulDravid #CheteshwarPujara #birthday #CricketTimeMagazine",not relevant
"*?????? ??????????? ???? ?????????? ??? ?????:

????????? ?????: ???? ????????? (????)
????????? ?????: ???? ????????? (????)
???????? ???????: ???? ????????? (????)
?????????? ????: ???? ????????? (????)
??????? ???: ???? ???????? (????)
??????? ???: ???? ??????? ?????? (????)

#NomanAli #PAKvWI #testcricket #hattrick #CricketTimeMagazine",not relevant
"??????? ??? ????? ?? ??? ?????, ?????? ??????????? ?????? ???? ??? ?? ?????????? ? ????? ????????????!

??????? ????? ??? ??????? ???? ??? ?????? ???? ??????

??????, ???????? ?????? ???? ????????
???? ????? ??????? ???? ??? ??????

#CricketTimeMagazine",not relevant
"????? ??????? ???????? ??????? ????????? ?????????????? ????? ????????? ????????: 

?????? ????? ?????? ???? ????????, ???? ???
???????? ??????? ???? ?????????, ???? ???
??????? ????? ???? ???????????, ???? ???
??????? ????? ???? ??????? ??????, ???? ???
??????? ????? ???? ?????????, ???? ???
????????? ????? ???? ????????????, ???? ???
???????????? ?????? ???? ????????????, ???? ???
???????? ???????? ???? ?????????, ???? ???
???????? ????? ??? ???? ???? ???????, ???? ???
?????? ????? ????? ???? ???????????, ???? ???

(????????? ????? ??????? ???????)

#testcricket #ShahriarNafees #birthday #crickettimemagazine",not relevant
"?? ??? ????? 
?? ???? ????? ???
?? ?? ????? ????????
???? ? ???? ????????
???????? ???? ??????? ????? ???????? ??? ???????? ???
???????? ???? ??????? ????? ???????? ??? ???????? ????????
???????? ???? ?????? ? ?????? ???????? ?? ???? ????????? (??? ??)

????? ???? ???? ?????? ??????? ????????? ???????? ???? ?????? ?????? ? ??????? ??????, ????? ?????? ??????? ?????? ???? ???? ??? ????????? ???????? ?????? ??? ??? ??? ????? ???, ‘???? ?? ??????????, ????? ?? ????????????’

?????? ?? ??-?? ??????? ?????? ????? ????? ??? ??? ??????? ?????? ???? ??? ???? ???? ????? ??? ??? ‘???????’? ??? ????? ??-?????????? ????? ??? ???? ????? ?????? ??????? ??????????? ????????? ???? ????????? ???? ???????? ??????? ???? ????? ???? ????? ??????, ???? ????? ‘?’ ???????? ???? ??????????? ????? ?????? ????? ??????????

???? ??????? ????? ???????? ?????? ????? ??????? ???? ?????????? ???? ?????? ??? ? ??? ???? ?????????????? ?????? ????? ????? ??? ????? ??????? ??? ???? ????? ?????? ???? ????????????, ?????? ????????, ????? ?????????? ????? ???? ??? ???? ???????? ??????? ???? ????? ??????? ??? ???? ???????? ??????? ???????

???? ???? ??????? ???????? ?????? ??? ???? ?? ??????? ??????? ?? ??? ?????? ???? ??????????? ?? ???? ?????? ??????? ??? ?????? ????? ???? ?????? ?????? ?????? ???????? ??? ????????? ?? ????? ????? ????? ??????

????? ?????? ???? ?????? ??? ????? ????? ????? ????? ?????? ??????, ??????? ??????? ????? ??? ????? ??????? ????? ????? ????? ??????? ????? ???? ????????? ??????

????? ???????? ?????? ?????? ???? ??????????? ???????? ???????? ????????? ????????? ??

#CheteshwarPujara #happybirthday #birthdaypost #birthday #CricketTimeMagazine",not relevant
"???????-??, ??????? ?? ???? ????? ?? ??? ??????????? ???? ?????????? ?????? ???????????? ??????? ????? ??? ?????? ??? ????????? ???????? ?? ?????? ???????????? ??????? ?? ??? ???  ??????????? ???????????? ????? ????? ????? ???????? ??? ????? ???? ??? ??? ?? ?????????? ?????? ??????? ???????? ????? ??????? ?????? 

???? ??? ??????? ??????? ??????????? ??????? ??????????? ???? ???? ?? ???? ??????? ???????? ??????? ????????? ???? ?????? ?????? ?????? ???? ???? ????? ??????? ???? ??????? ????????? ??, ?? ???? ???? ????? ??????? ???? ???????????? ????????? ?? ????, ??? ??? ???? ????????? ??? ??????? ??? ? ????? ??? ???????? ?????????????????

????? ???????? ???????????? ???????? ??? ????? ??????? ??? ???? ???????? ???? ???? ??? ????????????? ??????? ????????? ??? ????????????? ????? ????????? ???? ???? ????? ????? ????????? ?????? ?? ??????????? ???? ???? ??? ???? ???? ????? ?????

?????????? ????? ??-?????????? ???????? ?????? ?????????? ?????? ?? ??????? ??? ??????????? ??????????? ???????? ?? ??? ?? ???????? ?????? ???? ???? ????? ?????, ???? ?? ?? ???? ???? ??? ?? ?????? ???? ????? ?? ???? ?????? ???? ???? ???? ???? ????? ?? ?????, ???????? ???? ???????? ??? ????????? ??????? ?????

?????????? ?? ?????? ???????? ?????? ????????? ??????? ????????? ????????? ??

#ShahriarNafees #happybirthday #birthday #CricketTimeMagazine",not relevant
"????? ???? ?? ????????????? ????? ????? ????????? ??? ????? ??????? ????? ????? ?????? ??? ?????? ??????????? ????? ????????? ? ?????????? ???????? ????? ??? ???? ????????? ???? ????????????? ??????? ????????? ??????? ????? ???? ??? ??????? ????

#MohammadHafeez #FakharZaman #pakistancricket #ChampionsTrophy2025 #ChampionsTrophy #CricketTimeMagazine",not relevant
"??? ????? ??????? ??????? ?? ???? ?????? ???? ??? ??????? ??? ??? ??? ???!

???? ????? ??????? ?????? ????? ?????????? ?????????? ????????? ??? ????? ????? ??? ??? ????????????? ??????? ???????????

???? ??? ?? ?????? ????? ?????? ????????? ??? 

#Ashes #testcricket #CricketTimeMagazine",not relevant
"???? ??????? ???? ‘????? ?? ??? ?????’ ???????? ???, ????????????? ????? ??????? ???????? ????? ?????? ????????? ?? ????? ????!

*????????????? ??????? ???????? ‘????? ?? ??? ?????’

??? ???: ????? ????
??? ???: ??????? ???????, ????? ???????, ??? ???????

#ChrisGayle #iccchampionstrophy2025 #ChampionsTrophy2025 #ChampionsTrophy #CricketTimeMagazine #????",not relevant
"???? ?????? ???? ?????? ???????? ????? ??????

?????? ???????? ? ?? ????? ???????? ???????????, ??? ???????? ? ???? ???????? ????, ???? ? ???? ????? ? ?? ?????????????? ? ? ?? ??? ?????????? ? ??????????????

?????? ????? ????? ????????? ????? ???????????????? ??????? ?????? ?? ???? ???????? ??? ?????????? ??? ???? ?????? ???????? ????? ????? ????? ???????? ???? ????? ????? ????? ??? ???????? ???? 

#ICC #IccTestXi #CricketTimeMagazine",not relevant
"???

?? ??? ??? ???????? ??? ?? ?????????? ?? ??????? ???! ?????? ????, ??? ???????? ???????? ???? ?????? ?????????? ???????! ?????

?????? ????????????? ????????? ? ????????? ?????????? ??????? ??? ? ???????? ??????!

???? ??????? ? ???????? ?????? ????????????? ? ???????? ??? ????? ? ???????? ??? ????? ?????? ??????? ???????? ??? ???? ? ???????? ? ???????? ???? ????????? ???? ??? ????????! ?? 

#ICCRankings #BangladeshCricket #BangladeshCricketTeam #Bangladesh #CricketTimeMagazine",not relevant
"???? ?????? ???? ?????? ???????? ????? ??????

?????? ?????? ?????, ????????, ????????, ????????????, ?????????, ???? ???????? ? ?????????????? ??? ????????????

???? ?????? ?????????? ???? ???????? ? ??? ? ?? ??? ???? ????????? ? ?????????????? ???? ? ?? ?????? ????????? 

#ICC #ICCWorldOdiXi #CricketTimeMagazine",not relevant
"???? ?? ??? ??? ??

??? ?? ?????? ?????????? ????? ????? ??????? ??????? ????? ???? ???? ?????? ?????? ???? ??? ??? ??? ??? ???

#CricketTimeMagazine",not relevant
"???? ???????????? ?????? ???? ???????? ??????? ???????? ????? ????????? ???? ??????????? ??????? ??? ???? ? ??????????? ???? ???????????? ? ???? ????????? ????? ???? ??? ?????? ????????? ??????? ??????????? ???????????? ?????

???????? ??????????? ?????????? ????- ??? ?????, ???????? ???????, ???? ???, ?????? ??? ???, ?????? ???, ?????? ?????, ????? ?????, ??????? ?????, ????? ??? ???????, ????? ???, ????? ???? ?????? ??? ????? ????? ???? ?? ??, ???????? ???????? ??? ??????? ????? ??? ??? ?????? ???? ???????

#ChampionsTrophy2025 #ChampionsTrophy #CricketTimeMagazine",not relevant
"?? ??????? ???? ??????? ?? ???? ???? ?????! ?????? ????? ???? ???????

??????????? ?? ???? ??? ?? ?????? ???? ?????? ?? ?????? ???? ?????! ??????????? ?? ?????? ??????? ?????? ???????? ??, ???? ???????????? ?????? ?????, ????? ?????? ???? ?????? ????????—?? ?????? ????????? ????? ?? ???? ??? ????? ????

???? ??? ???????? ????????? ????? ???? ???? ??????? ??????? ??????? ???????????? ????????? ???? ???????? ???? ????? ?????? ??????? ????? ??,????? ??????? ??, ?? ????? ??? ?? ????????? ???? ??????? ??? ?????????

?????????? ???? ??????? ?????????? ?????? ?? ???? ???? ?????—‘????? ?????? ?? ???????? ??????????’ ?? ????? ??? ???? ?????? ???? ?? ??????? ???? ?? ??????? ??? ?????? 

????? ?? ???-???? ???? ???? ???? ?????? ???? ??????? ??? ?? ? ?????, ??-???? ???????? ????? ???? ??????? ?? ????? ???? ???????

#CricketTimeMagazine",not relevant
"???? ????????????? ?????? ????????? ???????? ????? ????????????? ????????? ???? ? ?????? ??? ??????????? ???!

?????? ??? ????????? ??????? ???? ?????? ???????  ????????????? ??????? ??????? ??????? ????? ?????? ??? ??????????? ??? ????? ???? ?? ??????? ??????? ?????!

?????? ????? ???????? ?????? ??????? ?? ???????????? ?????? ????????? ?? ?????????? ?????? ???? ????? ???????????? ???????????? ??????? ???

??? ???? ????????????? ??????? ??????? ?? ????? ?????? ??? ??????? ??????? ????? ??????? ???????? ????????????? ????????? ???? ? ?????? ??? ??????????? ??? ??????????? ??????

#ChampionsTrophy2025 #ChampionsTrophy #indiancricketteam #IndvsPak #CricketTimeMagazine #??????",not relevant
"*?????????? ????????? ??????????? ??????????:

?? ??????? ???????? ???? ??? ???????? ??????????? ??? (????? ???)
?? ??????? ???????? ???? ??? ???????? ??????????? ???????? (????)
?? ??????? ???????? ???? ???????? ??????????? ??? ???????? (?????)
????????? ???????? ???? ??? ???????? ??????????? ????? (??? ?????)
?? ??????? ???????? ???? ???????? ????? ????? (??? ?????)
?? ??????? ???????? ???? ??? ???????? ????? ??? ? ??? ???????? ????? ????????

????????????? ?????? ???? ??? ??? ?????? ?????? ? ???????? ????? ????? ???? ???? ????? ???????? ????? ?????? ?????? ???? ????? ?????? ??????? ???? ??? ????? ???? ???? ??? ????? ???? ????????? ?????? ! ???? ?????? ????? ?????? ???? ???? ?????? ??? ?? ??? ?????? ??????? ?????????? ???????? ?? ??????? ??????? ????? ?? ?????? ?????? ???? ???? ?????????? ??????? ????????? ?????????? ???????!

#ShivnarineChanderpaul #OnThisDay #westindiescricket #CricketTimeMagazine",not relevant
"?? ???? ??????? ?? ??? ??????? ????? ???...

#MarcoJansen #CricketTimeMagazine",not relevant
"? ??????? ??????? ????? ???? ???? ????? ???

??? ??????, ???????? ?????? ???? ????? ????????

#DaleSteyn #jaspritbumrah #MitchellStarc #CricketTimeMagazine",not relevant
"????????? ???????????? ? ????? ???????????? ????????? ????? ?????? ????????? ???? ????? ?????!

?. ???? ??????????: ????
?. ????? ????? ????
?. ????? ??? ???????? ???
?. ????? ????? ????
?. ??? ?? ?????????? ????
?. ??????? ???????? ????
?. ???? ???? ????
?. ??????? ????? ????
?. ??????? ?????? ????
??. ?????? ??????????
??. ????? ????????? ????

????? ????????? ???? ????? ????? ???? ????

#viratkohli #abdevilliers #sachintendulkar #WasimAkram #IanBishop #CricketTimeMagazine #ODIxi #??????? #????? #?????",not relevant
"????? ?? ????? ??????? ?? ??????? ?????? ???????? ??????? ????? ???? ???????????? ???????? ??? ?? ??????

??????? ???????????? ??? ?????? ?????? ??????? ?????? ???????? ????? ???? ???? ? ??????? ???? ?? ???? ????? ? ????? ?????? ?? ??????? ?????? ??? ??? ??? ???? ????????? ? ????? ??????????? ??? ???? ???????? ??? ?????? ???????? ??? ?? ????? ???? ?????!

#SachinTendulkar #PatCummins #CricketTimeMagazine #???? #???????",not relevant
"???? ??????????? ??????? ??????!

???????? ??? ????? ???????? ? ?????? ?? ????, ????? ?????? ??? ?????? ??????? ??????! ?????? ????????????? ??? ????? ???? ?????????? ?????? ?????? ??????? ?? ????? ??? ????? ??????? ????????? ???? ?? ???? ????

???????? ????? ????? ?? ?????? ???????? ??????? ??????? ????? ?????? ????????? ?????? ???? ????? ???? ???? ???? ????? ?????? ?????? ?? ????? ??? ????

????? ????? ??? ???? ?????????? ???? ?????, ?????? ???? ???? ???? ???? ?????? ??? ??????? ????? ?????? ???????? ????? ???? ?????? ??? ??? ???? ???? ???, ?????? ???? ??????????? ?????? ???? ????? 

???????? ????? ???? ???? ?????? ? ?????? ????? ???? ????? ????? ????-?????? ??????? ??? ?? ?? ??????????? ????? ???????? ???????? ??????? ??????? ??? ??????? ?????????????? ?????

??????? ????????? ????????? ?????????, ?? ????????? ??????? ?? ???????????? ????? ????? ????? ???? ?????? ??????? ???????? ??? ???????? ????????? ??? ????? ?????? ?????? ?? ????? ??? ????? ???? ???????????, ??? ????? ??? ??????????? ???? ????? ???? ??? ????? ?? ?? ????????????? ????????? ???? ????? ???

#Bpl2025 #BPL #BPLT20 #fixing #SpotFixing #CricketTimeMagazine #??????? #??????",not relevant
"?????? ??? ????? ????? ?? ?????????? ???? ??? ???? ?????? ???????????? ?????? ????? ?????? ?????????? ????????????? ?? ??????? ??? ??? ????? ??????? ????? ???????? ? ????? ??????????? ???? ????????? ?????? ?????? ???????????? ????? ????????? ???? ??? ?? ????????? ?????? ??????? ?????? ?????

??? ??? ?? ??? ?? ???, ??????? ? ?????????? ??????? ???? ?????? ?? ???? ?????? ?????? ??? ??????? ?? ??? ????? ???? ??????? ??????? ???? ??? ??? ????? ?????????

#SouravGanguly #IndvsPak #PAKvIND #ChampionsTrophy2025 #ChampionsTrophy #CricketTimeMagazine",not relevant
"??????????? ????? ? ??-?? ???? ??????? ????? ????????? ?? ???????? ???? ???? ????? ???? ?????? ??? ?????????? ??????????!

?????? ??????? ????? ???? ?? ???? ???? ??? ?????? ???? ??? ??????????? ?????????? ?????????? ???? ??? ???? ??? ????? ????? ??????????? ?????? ??? ???? ??? ??????? ?????? ????? ??????? ?????? ?? ?? ??????? ?????? ?? ????? ????? ??????????????? ??????? ?? ???????? ???? ???? ????? ????? ???? ????? ??????? ?????

????????? ??????? ? ??????? ??-???????? ?????? ??????? ????? ??????? ???????? ???? ???? ??? ??? ???????? ??? ?????? ?? ??????? ??????? ??????????? ??? ?? ?????? ???? ???? ??? ???? ??????????? ?? ?? ??? ??, ????? ????????????? ???????? ???????? ??????? ????? ???? ?????? ???????? ???

#JosButtler #englandcricket #BrendonMcCullum #CricketTimeMagazine",not relevant
"?????? ??????? ??????? ?????? ??????? ????? ????? ???????? ?????? ?????? ????? ???? ???????????? ????? ?? ??? ?? ??? ??????? ????? ?????? ?????? ?????? ???? ??????????? ????? ?????? ????? ????? ?????? ??? ???????? ????? ?????? ?????? ??????? ??? ???? ?????? ?????!

????? ???? ????? ???????? ??? ???? ????? ??? ?????? ????????????? ??????? ??????-????????? ??????? ?? ???????? ????? ???? ?? ???? ??? ?????? ????? ??????? ???? ??????? ????? ???? ??? ??? ????????? ??????? ????? ???????????? ???? ????? ???? ??? ????? ?????? ???????? ????? ?? ???? ???????? ??? ?? ??????? 

???? ??????? ??????? ??????? ????????? ???? ????? ??? ???, ?????? ?????? ???? ?? ???????????? ????? ??????? ???? ??????????? ??? ???? ?? ?? ??????? ?????? ????? ????? ??????? ?????? ?? ??? ?? ????? ????? ??????? ????? ???? ?????

#viratkohli #indiancricketteam #CricketTimeMagazine",not relevant
"*?????? ????????????? ????? ?????:

?????? ???: ???? ??????? 
?????? ???: ????????????
?????? ???: ????????/????????? (??? ???????????)
?????? ???: ??????? ??????
?????? ???: ????????????
?????? ???: ????????????
?????? ???: ????????
?????? ???: ?????????

#australiacricket #ICCChampionsTrophy #ChampionsTrophy2025 #ChampionsTrophy #CricketTimeMagazine",not relevant
"?????? ???? ????????? ???? ????? ???? ???????? ?????? ??????? ???? ?????? ????? ????? ???? ???? ???? ??? ??????? ???? ???? ? ??? ??????? ???????? ???? ???????? ?????? ???????? ???? ???? ???? ??????? ???????? ????????? ?????? ???? ??????????? ?????

???? ???? ????? ?? ??? ????? ???? ??????????? ???????? ?????? ????? ???????? ???? ????? ????? ???? ???? ???? ???????? ?????? ????? ????? ????? ???????? ????? ??????? ??????? ?????? ?? ???? ???????? ?????? ????? ????? ???????? ??? ????????? ????? ?????

???? ????? ???????????? ????? ?????? ??? ???? ?????????? ?????? ????? ???????? ???? ??????? ??????? ????? ?????????? ????, ??? ??????? ???????? ?????? ????? ?????? ????? ??????????? ??.? ?????? ????? 

???????? ?????? ???? ??????????? ???????? ?? ?????, ??? ?????? ??? ?? ??-???????? ????? ???????? ????? ???? ???? ?????? ??? ???????? ?????? ?????????? ??????????? ????? ??????

??????? ???????? ????????? ?????? ???? ???????? ????? ?????? ????????? ????????? ??

#SimonTaufel #happybirthday #birthday #CricketTimeMagazine",not relevant
"???? ???? ???? ?????? ????????????? ????? ????? ????????? ??? ????? ??????? ??? ?????? ??? ????? ? ???? ?? ??!

????? ???? ??? ?????? ? ??? ???? ??????? ????????? ?????? ??? ????? ?????? ?? ??? ? ??????? ??? ????? ????????????? ??????? ??????????? ??????? ?????? ????? ?? ????? 

??? ??????????? ??????? ?????? ?????? ?????? ???? ???????? ???????? ???? ???? ???? ???? ?? ????? ??? ??? ??????? ???? ??? ??? ???? ??????? ??????

#FakharZaman #imamulhaq #ChampionsTrophy2025 #iccchampionstrophy2025  #pakistancricket  #CricketTimeMagazine",not relevant
"?????? ???????? ???????? ?????? ???? ???????? ??? ?????? ????????????? ????? ??????? ?????? ?????? ?????? ??????? ??? ??? ???? ???? ?? ?? ???????? ???? ???? ?????? ?????? 

????? ???? ???? ???? ???????????? ??????? ??????????? ??? ??????? ?????? ??? ????? ????????? ????????? ??????? ?????? ????????????????? ????????????? ???? ???? ???????? ??? ? ??? ????? ???????????? ???? ??-???????? ???????? ???? ???? ??? ??????? ??????? ??? ???????? 

???? ?????? ???????? ??? ?????? ?????? ??? ???? ?????? ???? ???????? ????? ??? ?????? ?????? ??????????? ??? ???? ?????? ????? ????? ???? ??? ???? ??? ???? ????????? ???? ??????

#iccchampionstrophy2025 #ChampionsTrophy2025 #CricketTimeMagazine",not relevant
"????? ???????? ??????? ???? ???+ ????? ???? ???????????!

*??????? ? ???? ??????? ??? ????? ??????:

??????? ?????: ??? ?????
??????? ?????????: ??? ?????
??????? ?????: ??? ?????
??????? ????: ??? ?????

#rohitsharma #davidwarner #ChrisGayle #viratkohli #CricketTimeMagazine",not relevant
"???? ????? ?????? ???????? ?? ???? ?????? ??????? ???? ??? ???: 

???? ???: ? ??? (?? ?????)
???????? ??????: ? ??? (?? ?????)
?? ???: ? ??? (??? ?????)
??????? ?????????: ? ??? (?? ?????)

  #BabarAzam #testcricket #JoeRoot #CricketTimeMagazine #????",not relevant
"???? ????? ?? ?????????, ?????? ????? ???? ??????? ??? ?????? ??? ?? ?????????? ??????? ???????? ??????? ????? ?? ??? ???????? ??? ??????????? ??????? ??????? ??????? ??????? ??????? ????????? ???? ????? ?????? ???? ????!

??? ??? ???????? ??? ??? ??? ??????? ??? ??? ?????

#OnThisDay #ShahidAfridi #abdevilliers #CoreyAnderson #odicricket #CricketTimeMagazine",not relevant
"????? ???? ??????? ????? ??????? ???? ??? ?????? ??! ????? ???????? ???? ???? ????? ???, ?????????? ??????? ??? ??????? ?????? ??????? ????? ?????? ????? ???????? ??? ???? ??? ???? ???????????

??? ??????? ????????? ?? ??? ??? ????? ?? ?????????? ???????? ?????? ????????????? ??? ??? ? ???? ?????, ??? ???????? ??? ??? ???.?? ???, ???? ???????? ??????

#OnThisDay #abdevilliers #odicricket #CricketTimeMagazine",not relevant
"??? ???? ????? ????? ???? 

??????? ??????? ?????????? ??????? ? ???? ?????????? ????? ??????!

?????? ?????... ??

#GlennPhillips #newzealandcricket #CricketTimeMagazine",not relevant
"??????? ??????? ?????... 

??? ??? ??????? ????? ???????? ? ????????????? ?? ?????????? ??? ???????

#TamimIqbal #SabbirRahman #Bpl2025 #BPLT20 #CricketTimeMagazine #????? #???????",not relevant
"??????? ?????????? ???? ?????????? ?????? ????????? ???? ????? ???? ???? ??????????? ??????? ?????? ????? ??, ???????? ??? ????? ???? ????? ?????!

????? ?? ????? ??????????? ???????????? ???? ????? ?????? ?? ?????? ??????? ??? ????? ??? ??????! ??

#AdamGilchrist #australiacricket #CricketTimeMagazine #??????? #???????????????????? #??????????",not relevant
"? ????????? ???? ???? ??????? ??? ?????? ?????? ??? ????? ??? ????????? ?? ??? ????? ??, ??????????? ?????? ???? ??????????? ????? ???????? ??? ???? ????? ?????? ??????, ??? ?????????? ???? ?? ???????? ????????? ??????? ??? ??? ???????? ???? ?????

#KevinPietersen #indiancricket #viratkohli #CricketTimeMagazine",not relevant
"*??-?? ???????? ???????? ????? ??????? ???????????:

?. ????? ????: ???? ????? (??? ?????) ???
?. ????? ???????: ??? ????? (??? ?????) ???
?. ??????? ?????: ??? ????? (??? ?????) ???
?. ??????? ?????: ??? ????? (??? ?????) ???
?. ???? ?????: ??? ????? (??? ?????) ????

??????? ?? ? ??? ??????? ???????? ??????????

#KieronPollard #ChrisGayle #t20cricket #T20 #CricketTimeMagazine",not relevant
"??????? ????? ???-????... ??

?? ?????? ?? ??????? ???? ??????????? ??? ? ?? ????????! 

???? ???? ?????????? ??????? ???????-??????????? ?????? ????? ??? ????????? ??? ?? ?????????? ? ??? ?? ???????? ??

#abdevilliers #fafduplessis #CricketTimeMagazine",not relevant
"????? ???????? ???? ??????? ????? ????????, ??????? ???? ??? ???? ???? ??? ??????? ??! ??

????? ????? ?? ????? ?? ?????? ?????? ??? ????? ??? ????? ?????, ???? ???? ???? ????? ???? ?? ???????!

?? ???? ???? ?????? ?? ???? ??? ?? ???? ?????

(??? ?????)

#TamimIqbal #SabbirRahman #funpost #Bpl2025 #CricketTimeMagazine",not relevant
"????? ????? ?? ?????? ??-?? ??? ????? ??? ????? ??? ????? ???? ????????? ???? ??? ??? ????? ?????? ??? ??? ??? ??? ??? ?????? ??? ???? ????? ???? ???? ??? ?????? ???? ????? ?????????? ??? ???, ???? ????? ???? ??? ??-?? ???????!

#SteveSmith #t20cricket #CricketTimeMagazine #???????????????????? #?????",not relevant
"?????????????? ?????? ? ?????????? ????? ????????? ??? ???? ????????????? ?????? ?????? ????? ???????????? ? ????????????!

??????? ??? ????? ????????????? ?????? ?????? ????? ??? ??? ???

#RachinRavindra #ChampionsTrophy2025 #ICCChampionsTrophy #CricketTimeMagazine",not relevant
???? ?????? ???? ‘?? ??????? ??????’!,not relevant
"????? ? ??? ???? ???? ?????? ????????????? ?????? ???? ?? ????? ????? ???? ???????? ??????? ????? ???? ???????????????? ?? ????? ???????? ????????? ????????????? ?????? ????????? ???? ????????????

?????? ?? ?????? ? ??? ?? ????? ????? ??????? ???? ??????????? ???? ????? ????? ???????? ????????

??? ???? ??? ??? ???? ????? ???? ??? ????? ??????? ?????? ?? ??????? ?????????

#AnrichNortje #ICCChampionsTrophy  #ChampionsTrophy2025 #southafricacricket #CricketTimeMagazine  #????????????????????",not relevant
"????? ??????????????? ?????????? ?????????????? ??????????? ??????????? ??????? ??? ?????? ?????? ????? ???? ???? ????? ????? ? ?????? ????? ?????????? ?? ??? ??????????? ??? ????? ??????? ???? ?????????

?????? ???? ??????? ????? ???? ???? ??????? ????? ???? ????????! ????????? ???????? ????? ???? ????? ?? ???? ????? ???? ??? ????? ????? ???????? ???? ?????? ?????? ???? ?????????! ??????? ???????? ????????????? ?????? ???? ??????? ???? ?????? ???? ????

#OnThisDay #INDvsSL #viratkohli #odicricket #CricketTimeMagazine #????????????????????",not relevant
"???????? ???? ????? ???????? ?????? ?????? ?????????? ?????? ?????? ???? ????? ???????? ??? ?????? ????????? ?????????? ????? ????? ??????????? ? ????????? ????? ????? ?????????? ??.?? ??? ? ??????? ?????? ???? ????? ??????? ??????? ?? ????????? ???????? ????? ????????, ?? ???? ??????? ????? ??????? ?? ????????? ?? ???? ??? ?????? ???????? ???? ????? ??????? ????? ??????, ????????? ??????????? ???????? ???? ????? ??????? ???????? ?????? ????? ????? ???? 

??? ????? ???????? ???? ????? ???????? ?????? ?????? ?????? ????? ???????????, ????, ????????????, ?????? ???????? ???? ????????????

#Wisden #WisdenOdiXi #TaskinAhmed #CricketTimeMagazine",not relevant
"??????? ?????????? ?????? ???? ???? ???? ??? ?????? ????? ???? ???? ????? ????? ???? ? ????? ????? ?????????? ????? ????? ?????? ???? ????????? ???? ???? ?? ???? ???? ????

????? ?? ??????? ???????? ??????????? ?????????? ????? ??? ?????????? ????? ???????? ????? ??? ???????? ???????????? ????? ?????????? ?? ???? ???????? ?????? ???? ???? ?????

#DurbarRajshahi #Bpl2025 #BPLT20 #CricketTimeMagazine #???????????????????? #??????",not relevant
"???? ???????????? ?????? ???? ??????? ????? ????? ???? ???????? ??? ?????? ??? ??????? ??? ????? ???????? ?????? ? ?????? ??????? ? ?????, ? ??? ?????????? ? ? ??????? ??????? ????????? ????? ??????? ? ?????? ?????????????? ????? ?????????? ??? ??????? ????????????

???? ???????? ?????? ??? ????????? ???????????? ? ?????????, ?????? ??? ?????? ??? ???????????? ????? ?? ??????????? ????????????? ??????? ????? ????? ??????? ????????????? ????? ???? ???? ????????????

#southafricacricket #TembaBavuma #ChampionsTrophy2025 #ChampionsTrophy   #CricketTimeMagazine",not relevant
"???? ???????????? ?????? ???? ??????? ????? ????? ????? ???????????? ?????? ???? ???????? ???????? ???? ?????? ????????? ????? ??????? ? ????? ?? ????????????
 
????????????? ?????? ?????????, ???? ??????? ? ???????????? ????? ????? ????? ????? ????? ????? ?? ??????????? ????? ?????????????????  ??????????? ????????",not relevant
"???? ?????? ???????????? ??????  ????  ?? ????? ????? ???????????? ????? ???? ?? ??? ??????? ????? ?????? ???? ??????????? ???????? ??????? ????? ??????? ??????? ??????? ???????? ??? ????? ??????? ???? ???????? ??????? ??? ????????? 

??????????? ?????? ????????????, ????????? ? ???? ???????? ??????? ?? ?????????? ??????? ???? ???????? ??????? ????? ???? ????? ????????

#ChampionsTrophy2025 #ChampionsTrophy 
#afghanistancricket  #RashidKhan  #CricketTimeMagazine",not relevant
"???? ??????????? ???? ????????????? ??????? ??? ?????!

????????????? ?????? ?? ?????? ?? ?????? ???????? ???? ????? ????? ???? ????, ?????? ??????? ???? ??????? ???????? ???????, ??? ???? ??????????? ?????? ????? ??????? ???? ???? ?? ???? ??????????? ?????? ??????? ?????? ?????? ?????????? ???? ??????????? ?????? ???? ????? ????? ???????

?????? ?????????? ?????? ???? ??????, ????? ???? ?????? ?? ????? ??????? ?????????? ?????? ??????????? ?????? ??? ???? ???? ?????? ??????????? ????? ?? ????? ????????????? ??????? ?????? ??????? ????? ???

??????? ??????? ???????? ? ???????? ????? ???? ?????? ????? ??? ??? ??? ?? ???? ??????? ???????? ???? ???? ??????? ???? ? ????????????? ???? ????? ?? ?????? ????? ???? ????? ???? ???? ????????????? ???? ??????? ??? ?????? ??????? ????????? ???? ??? ???? ???????? ???? ?????? ???????????

????? ????? ????? ??? ?????, ???? ??? ?????, ?????????? ???? ??????? ?????? ?????? ???? ?????, ?? ?????????? ???? ???? ???? ???? ????? ?? ??????? ????? ???? ???? ?? ??? ??? ?????? ????? ???? ????? ??, ?? ??????? ????? ?? ??????? ?? ?????? ??? ????? ???? ??????????? ??? ??????????? ???? ??????

???????? ????????? ????? ???? ???? ????? ????????? ?????? ???? ?????? ?? ?????? ??? ???? ??? ????? ???????, ?? ????????? ??? ???? ?????? ???? ????? ???? ??? ??? ???????????!

????? ???? ????? ??????? ????? ?????? ????? ??????, ?????? ???? ?????? ??? ????????? ?????? ???? ?????? ???? ??? ??????? ?????? ???? ??? ???? ????? ?????

#ShakibAlHasan #BangladeshCricket #BangladeshCricketTeam #ChampionsTrophy2025 #CricketTimeMagazine",not relevant
"???????????? ?????? ???? ?? ??????? ?? ????? ????? ????????????? ??? ???? ????? ?????? ???? ????? ??????? ???????? ??? ?????? ???? ? ??????? ??????? ??? ?? ?????? ??????? ??????? ??? ??????? ????? ????? ???????????? ??????? ????? ???????

??????????? ??????? ????????, ???? ? ??????????? ?????? ????? ????????????? ????? ????? ???? ???????? ??????????? ???????? ??? ?????

#ChampionsTrophy2025 #ChampionsTrophy 
#newzealandcricket #BlackCaps  #CricketTimeMagazine",not relevant
"???? ????? ???? ????????????? ?????? ??? ?? ????? ?????? ???? ?????? ???????? ???? ????? ????? ?????

#LitonDas #BangladeshCricket #BangladeshCricketTeam #ChampionsTrophy2025 #CricketTimeMagazine",not relevant
"???? ????????????? ?????? ???? ?? ????? ????? ???????? ??????? ??????

??? ?????? ????? ?????????? ????? ?? ?????, ?????? ???? ???, ????? ?????? ????? ? ????? ?????????

????? ??????? ?????? ????? ???? ????? ?????????? ????? ?? ???????, ?????? ???? ??? ?????? ????? ???? ???? ?????? ?????? ?????, ?????? ????? ?????? ??? ??????? ?? ?????? ?????? ??? ????? ???????? ??? ?? ????? ?????? ??? ???? ???????? ?????? ???????

#ShakibAlHasan #LitonDas #ChampionsTrophy2025 #ChampionsTrophy #BangladeshCricket #BangladeshCricketTeam #CricketTimeMagazine",not relevant
"?????? ?????, ??????????? ?????, ?????? ????? ? ????? ???? ?????? ????? ??? ?????? ????? ?? ????? ????? ?????? ? ?????? ???????? ???? ????? ????? ????? ?? ??????? ???? ????? ??????

#TaskinAhmed #MustafizurRahman #TanzimHasanSakib #NahidRana #BangladeshCricket #BangladeshCricketTeam #ChampionsTrophy2025 #CricketTimeMagazine",not relevant
"????? ???????? ???????? ????? ?????? ???????!

(????? ???????? ??????? ???????)

#RahulDravid #JoeRoot #MahelaJayawardene #birthday #testcricket #CricketTimeMagazine",not relevant
"? ?????? ????????? ?????? ??? ??? ???, ???????? ??? ???.?? ???!

????? ?????? ???? ????? ???? ????? ?????????? ????? ???? ?????? ????? ?????? ???????? ??????? ?????? 

#davidwarner #BigBashLeague #BBL #CricketTimeMagazine",not relevant
"????? ??????? ?????? ????? ???? ????? ?? ?????????? ????? ?? ???????, ?????? ???? ??? ?????? ????? ???? ???? ?????? ?????? ?????, ??? ????? ?????? ??? ??????? ?? ?????? ?????? 

#ShakibAlHasan #LitonDas #ShorifulIslam #BangladeshCricket #BangladeshCricketTeam #ChampionsTrophy2025 #CricketTimeMagazine",not relevant
"????????? ??? ??-?? ???????? ??????? ???? ????????? 

??? ?????? ????? ??? ? ?????? ????? ?????? ? ???????? ? ? ??? ????????? ?? ? ?????? ?? ?????????? ?????? ??? ???, ???????? ??? ???.?? ????

?? ????? ??? ?????? ?????? ????? ?????!

#SteveSmith #BigBashLeague #BigBash #BBL #BBLT20 #CricketTimeMagazine",not relevant
"????? ????????? ??????? ???????? ??????? ??????????? ???? ????? ???????? ?? ????? ???? ???? ???????!

(????? ???????? ??????? ???????)

#RahulDravid #sachintendulkar #JacquesKallis #birthday #testcricket #CricketTimeMagazine",not relevant
"????? ?????? ??.?? ??? ????? ???
?? ??? ???????? ??.?? ??? ????? ???
?? ??????????? ???????? ?? ???????? ? ??? ??? ???????? 
?? ????? ??????? ???????? ?? ???? ???????????
?? ????? ???????? ???????? ????? (???)
?? ??????? ??? ????? ???????? ????? (???)
?? ?????/????? ? ????????? ????? ????? ??????? 

????? ??????? ??? ?????? ??????, ??? ??? ??? ? ??? ????? ??????? ??????? ????? ???????? ????, ?????? ????? ????????? ??????????? ??????? ??? ????? ????? ??? ???? ?????? ?? ????? ???????? ??? ???????? ???????? ?????? ?????? ???????? ??????? ???? ?? ????? ??????!

??? ?????? ??????? ?????? ??? ??, ????? ???? ???? ?? ??????????? ?????????? ????? ??????? ?????? ??? ???, ????? ?????????? ??? ????? ?????? ???? ??? ???? ???????? ? ???? ?????? ??????? ??…. ????? ????????? ??????? ????? ????? ??????? ???? ??????? ?????? ????? ???????? ????? ????? ???? ????? ?????? ??????? ???????, ????????? '??? ????' ??? ?

???????? ????????? ?????? ???? ??????????? ????? ?????????? ????????? ????????? ??

#RahulDravid #happybirthday #birthday #CricketTimeMagazine",not relevant
?? ????? ??????????? ???????? ???? ??? ?? ????? ???????!,not relevant
"????? ??????? ??????? ???????? ??????????? ?? ? ???? ??????????? ????????????? ??????? ???? ?????? ???? ??? ????????! ???????? ???? ? ?????? ?? ????????? ????????? ?????? ?? ??? ??????? ????? ????? ??? ???? ????????! 

?????? ? ??? ?? ? ?? ????? ???? ????? ?? ????? ????? ????? ????? ???? ???? ????????!

#OnThisDay #BangladeshCricket #BangladeshCricketTeam #BANvsZIM #CricketTimeMagazine",not relevant
"?????-?????? ????? ??? ??? ???? ??????????? ??? ????????? ??? ?????? ?????? ????? ?????? ??????? ????? ????? ??????? ????? ????????? ????????? ?????? ???? ??? ??? ?????? ???, ??? ???? ???????? ???????? ????, ???? ??????? ???? ??????, ??? ????? ?????? ????, ‘? ??? ??? ???? ???? ???? ????? ???? ???? ?? ? ??????’

???? ????? ???? ???? ??????? ???????? ??? ??? ???? ‘???????? ???????? ??? ???’! ??? ????? ??? ???? ?????? ??? ????? ??????

#TamimIqbal #BPL2025 #BPLT20 #CricketTimeMagazine",not relevant
"??? ????, ??? ???? ????????? ??????

?????? ????? ???? ??? ???? ?????????? ??????????? ??????? ????? ??? ??? ????????? ??? ?????? ?????? ???? ????????? ???? ?????? ??? ???? ??? ????? ????? ?????? ??????? ????? ????? ??? ???? ??? ???? ???????? ????? ???? ?????? ????? ????? ?????????? ?? ??????????

?????? ??? ???? ???? ????????? ?????? ???? ???? ???? ???? ????, ??????? ???????? ?????? ????? ??????? ????? ????????? ????????? ????? ????? ????????, ????? ???? ??? ?????? ???? ???? ???????? ???????? ???? ??????? ?????? ???? ??????? ???? ???? ?? ????? ?????????? ?????? ???? ????, ‘? ??? ??? ???? ???? ???? ????? ???? ???? ?? ? ??????’

???? ????? ???? ???? ???? ???? ???? ???? ??? ?????? ???? ???? ???? ???? ??? ?????? ????? ???????? ?????? ????? ??????? ???? ???? ??????? ??? ???????? ???????? ?????? 

(????: ????? ???)

#TamimIqbal #BPL2025 #BPLT20 #CricketTimeMagazine",not relevant
"???? ??? ???? ????...

???????? ???? ????? ???? ???? ???? ?????!",not relevant
"*?????????? ???? ??-?? ???????? ???????? ???: 

?. ????? ?????: ???? ??? (??? ?????)
?. ????? ?? ?????: ???? ??? (??? ?????)
?. ???????????? ??????: ???? ??? (??? ?????)
?. ???????? ????: ???? ??? (??? ?????)
?. ???? ???: ???? ??? (??? ?????)

#TamimIqbal #ShakibAlHasan #BangladeshCricket #Bpl2025 #BPLT20 #CricketTimeMagazine",not relevant
"????? ?? ????? ???? ???, ??????? ???? ???????!

?? ?? ???????? ????????? ????? ????? ??????? ????????? ????? ?? ????? ???? ?????? ??????? ???????? ??? ???????????????? ??? ???????? ????? ?????? ?????????? ??? ??? ??????? ????????? ????? ?? ????? ????? ?????? ?????? ?????????????? ????? ???? ????? ???

???? ??? ????? ??? ????? ??????? ???? ????? ????????? ???? ???????, ???? ???? ???????? ??????? ??????????? ???????? ??? ?? ??????? ???? ?? ??? ???? ???????? ????????? ?? ????? ???? ????? ??? ??? ?? ???????? ????? ??? ????? ????? ?????????? ??? ??? ?????, ??? ???? ???? ?? ??? ?????? ???????? ???????? ????? ??????????? ?????? ?????

?? ???? ??? ????? ????????????? ??????? ???????? ??? ????? ?????? ???? ??? ??????????? ???? ????, ???? ??????? ??????????? ???????????!

#ShakibAlHasan #CricketTimeMagazine",not relevant
"?? ??? ??????????? ????? 
?? ??? ??????????? ?????
??? ?? ??? ?????? ? ?????
?? ???? ??-?? ????????? ????????????? ???? ???????? ????? ??????
?? ??????????? ??-???? ????????????? ???? ???????? ????? ???? ????? ?????
?? ???? ????? ???????? ??????????? 
?? ???? ??-?? ???????? ???????????
?? ???? ????? ???????? ??????????? 
?? ????-?? ????? ?????????????? ?????
?? ???? ?????? ???????????

?????, ????? ? ??-?? ? ????????? ???????? ???? ????? ? ?? ??????????? ???? ?? ?????????? ?????? ???? ???? ??????? ??????? ????? ?????? ? ???????? ????? ????? ????????????? ???? ?? ?? ????? ?????? ????????? ????? ? ??????? ???????? ????? ????????????? ???? ?? ?? ????? ????!

??????? ??? ??? ??????? ?????? ????? ????, ????? ????????? ??? ????? ????? ????????? ???????? ??????? ???? ??????? ????? ????? ?? ????? ????? ????????? ????? ???? ??????? ??? ????? ???? ???? ?? ?????????? ????? ????? ????????? ??? ?????? ??? ???? ????? ?? ??? ???? ???? ?????? ???? ???? ????????? ????? ?????????? ????? ????????? ??? ???? ?????

?????? ??????? ????? ?????? ???????? ???? ?????? ?????? ?????????? ?????? ???? ???? ????????? ???? ???? ???? ?????? ????? ??????? ????, ?? ???? ????? ????????????? ??? ???????? ?????????? ???!

???????? ???????????? ??????? ????? ???? ??? ??????? ??? ???????? ??? ???? ????? ???? ???????????? ???????? ???? ?? ???? ??? ?????? ??? ???? ??? ????????, ?????? ???? ??? ????? ???? ???????  

????????????? ??????? ?????? ?????? ???? ????? ?? ??????????? ????????? ????????? ??

 #HappyBirthday #birthday  #JoshHazlewood #CricketTimeMagazine",not relevant
"????????? ????? ??????????????? ???????? ???????? ??? ?????????? ???????????!

? ???? ????? ? ??? ??????? ??????????, ??? ?????? ????? ???? ?? ???????? ???? ???? ??????? ????? ???? ???????? ???? ???????! 

#TestChampionship #testcricket #KyleVerreynne #RishabhPant #LitonDas #MohammadRizwan #CricketTimeMagazine #????",not relevant
"????? ???? ? ???, ??????? ???????? ? ???! ????? ?????? ??????? ??????? ? ???????? ??????? ?????, ?? ????? ???????????? ??????? ????????

???? ???? ?????? ????? ???? ????? ??????? ??????? ???????? ??????? ?? ???????? ?????? ?????? ????? ???? ??? ????? ??????? ???? ????? ????, ?? ??????? ????? ???? ???? ???????? ?????????? ?? ?????? ????? ? ?????? ????? ???? ??? ????? ?? ????? ??????????? ???????

#BPL2025 #BPLT20 #CricketTimeMagazine",not relevant
"???????? ??? ?????????? ????? ?????? ???? ????????? ?????? ????? ?????! ??

???????? ???????? ?????? ????? ??????? ?????????? ???? ???? ???... 

#NazmulHossainShanto #Bpl2025 #BPLT20 #CricketTimeMagazine",not relevant
